Communication,Technical,Confidence,ProblemSolving,InterviewScore
7,4,8,5,598
10,3,7,8,695
8,8,3,6,631
8,6,2,5,557
10,6,9,1,641
10,3,7,4,562
5,3,7,5,468
7,2,4,9,533
2,10,9,10,761
4,7,8,3,538
1,4,2,8,368
2,6,6,10,583
6,2,10,2,449
4,8,7,9,724
5,2,5,8,490
9,9,1,9,726
9,8,1,8,688
3,1,8,3,354
1,5,10,7,557
7,9,8,2,667
7,7,8,5,684
8,6,3,1,479
5,3,1,5,365
7,7,9,10,807
3,7,1,4,416
4,5,7,7,559
4,7,3,6,527
2,10,9,5,640
4,10,7,9,783
1,1,9,9,452
9,3,7,6,592
9,5,1,3,473
6,8,9,4,661
7,2,3,1,336
1,8,1,1,291
2,6,7,5,506
1,1,3,2,170
6,7,4,7,605
8,1,6,8,534
4,2,6,6,420
1,9,6,3,489
4,3,10,3,463
4,7,4,9,627
8,7,2,8,630
9,9,2,7,720
10,3,7,10,711
1,5,5,7,438
9,3,3,3,449
8,6,8,1,568
4,1,8,4,407
8,4,3,9,619
9,2,2,2,389
9,4,1,4,477
5,4,8,8,591
3,1,1,3,201
7,6,6,6,612
2,5,1,1,229
3,4,3,1,276
5,6,3,9,606
8,1,5,3,417
4,5,7,1,397
2,9,10,6,652
8,8,2,6,632
2,10,2,10,636
8,1,9,6,578
10,7,10,3,739
8,10,7,9,880
4,1,8,3,367
2,2,7,6,404
10,6,10,10,881
1,4,10,6,489
6,5,1,8,504
7,4,6,4,524
3,7,8,4,540
2,10,3,1,433
10,7,10,5,790
5,7,9,5,620
10,10,1,2,631
6,9,8,5,685
7,5,6,7,602
10,3,5,6,598
5,1,4,5,351
10,10,5,7,840
1,5,7,10,554
6,5,4,2,440
10,10,3,10,871
1,8,5,4,460
8,7,2,1,482
4,8,2,3,467
1,3,5,3,270
1,8,10,2,529
7,1,10,8,613
10,10,10,2,786
4,10,5,2,540
8,4,9,5,640
10,5,9,8,794
1,3,4,2,263
8,7,5,1,527
7,9,3,9,739
1,1,4,9,361
3,1,4,9,408
9,7,4,3,585
5,5,3,9,560
4,5,7,9,633
5,10,10,7,793
10,5,3,7,643
2,9,10,10,766
6,7,8,10,758
2,10,2,5,523
5,6,3,8,545
6,4,1,7,469
4,4,6,3,433
10,10,3,7,767
2,10,4,8,648
1,3,9,1,324
8,1,6,5,460
10,5,6,5,635
5,4,3,3,379
9,2,9,1,483
1,5,6,6,427
7,9,10,8,862
8,5,8,10,767
4,10,8,10,817
5,9,4,6,621
9,1,5,4,447
3,6,2,3,354
9,2,10,8,694
2,5,7,8,552
6,1,2,1,235
5,10,9,6,761
1,1,2,9,334
1,5,7,6,472
1,5,5,6,407
5,7,5,5,576
10,10,3,1,635
9,1,3,4,395
1,8,2,8,523
10,10,2,6,722
2,1,6,5,334
9,1,7,5,520
2,3,7,6,443
6,2,2,2,309
3,2,4,9,457
1,8,7,10,651
5,4,10,8,641
10,1,4,8,544
2,6,5,2,372
3,9,7,7,655
6,8,4,8,653
8,9,3,3,611
2,10,3,3,485
5,2,10,6,535
6,1,5,9,496
10,2,1,10,586
9,10,9,9,931
8,1,10,4,510
8,1,3,4,384
8,6,10,7,748
8,2,10,8,646
3,7,2,10,592
3,3,9,7,536
10,7,9,1,683
6,10,9,1,647
4,9,4,10,682
9,2,4,6,528
8,8,1,3,551
6,4,10,2,505
5,9,1,5,541
5,6,6,7,583
8,7,9,7,747
3,8,5,4,518
6,2,4,4,384
6,6,1,8,567
3,9,2,8,590
3,5,6,10,578
3,4,1,4,306
1,10,6,5,560
4,3,1,6,349
5,7,10,2,577
8,2,4,1,381
9,1,9,8,652
7,3,1,5,403
5,8,9,2,586
3,3,1,8,386
8,9,5,3,645
5,5,3,10,568
9,10,9,2,774
8,7,8,3,662
1,7,1,9,476
1,7,2,5,419
8,3,7,3,490
6,3,7,3,442
10,4,1,4,499
7,4,6,9,652
5,7,1,4,456
2,10,5,10,712
6,6,4,8,604
8,5,4,2,486
3,3,4,4,350
5,4,10,8,662
6,8,7,10,771
10,8,2,9,767
8,4,4,5,541
8,10,1,10,758
6,3,8,9,626
7,1,5,5,435
4,6,7,9,625
6,7,3,8,614
5,9,5,9,709
4,9,5,10,734
4,9,10,6,701
7,2,2,1,303
9,7,4,6,668
1,1,6,10,432
2,5,1,7,391
4,9,1,4,491
8,1,7,1,406
7,3,8,3,511
1,8,3,2,355
3,2,2,6,332
1,2,6,3,263
1,8,7,7,562
10,10,3,2,672
7,7,2,7,608
8,1,9,7,567
8,7,8,6,736
3,3,1,8,398
3,8,8,4,591
6,5,7,2,476
10,7,1,7,655
3,3,4,2,276
1,5,4,10,486
3,7,7,4,509
5,6,9,2,549
4,10,6,8,716
10,8,7,1,651
9,8,2,9,748
9,6,6,4,630
10,2,7,5,565
6,2,5,10,575
9,6,2,1,486
9,6,10,7,781
5,9,6,8,728
9,5,7,10,761
10,5,10,2,630
3,5,4,3,385
5,8,4,1,488
8,3,6,2,463
6,6,5,8,642
10,4,4,3,539
4,1,2,9,400
2,5,9,9,624
1,1,9,8,439
7,3,3,2,391
3,6,2,3,386
1,1,10,9,471
8,3,8,5,571
7,5,6,6,582
9,2,9,10,720
10,7,1,7,660
5,6,10,7,673
5,7,9,3,577
2,7,2,4,418
3,2,10,7,506
8,3,2,3,421
8,10,7,7,833
8,1,4,6,464
2,1,10,2,344
10,2,7,2,511
3,7,4,1,398
5,9,8,9,769
9,7,4,5,620
1,3,8,2,308
2,5,9,1,399
9,1,9,8,618
10,5,5,6,668
8,8,2,9,691
4,4,8,4,488
6,5,3,10,623
9,10,9,1,712
8,6,5,5,607
1,9,3,4,469
2,2,1,8,312
3,6,8,9,628
4,5,2,9,497
9,3,9,2,536
10,9,8,9,889
2,8,6,8,594
10,2,6,5,547
5,1,2,8,406
3,10,3,8,654
2,8,1,6,463
3,8,1,9,552
9,5,10,4,681
6,7,5,10,720
7,10,10,5,809
7,2,4,2,358
7,2,1,9,476
8,2,8,3,480
3,7,10,9,721
2,5,6,4,419
4,2,4,1,256
6,1,10,6,510
6,10,8,2,653
4,3,4,7,453
1,6,3,10,517
10,2,2,4,446
3,9,7,7,668
4,2,4,6,380
3,1,8,5,385
5,4,6,3,424
3,1,10,6,449
2,3,1,9,388
2,8,9,1,503
5,8,2,4,491
3,5,8,10,617
4,9,7,1,534
4,9,6,9,716
6,5,5,2,453
8,1,8,5,512
2,6,9,1,452
9,8,6,3,663
9,1,9,6,586
4,1,10,8,541
2,1,2,1,157
9,1,4,10,586
7,2,6,7,535
10,2,2,10,619
3,6,9,6,573
7,9,2,8,672
2,4,7,4,405
4,6,10,6,635
3,9,10,2,586
7,9,3,10,753
7,4,8,7,641
3,2,6,2,303
6,5,8,9,667
10,3,3,6,544
1,7,1,5,390
10,8,4,5,678
4,8,2,1,416
9,4,10,5,683
4,2,2,4,285
7,10,3,3,601
3,2,8,5,414
1,3,10,8,530
7,10,2,7,706
5,6,9,6,628
8,7,9,4,671
7,6,1,9,607
2,3,5,5,345
8,8,4,7,705
10,3,6,10,718
10,9,1,5,664
8,1,9,6,559
9,5,5,5,607
6,4,2,2,348
5,4,10,1,484
6,5,5,5,537
1,3,10,4,418
2,9,2,9,603
8,2,7,6,549
7,4,2,10,572
2,5,1,7,382
6,5,6,2,450
7,7,10,10,844
2,2,1,10,367
8,1,8,9,598
1,1,3,5,224
9,10,2,2,600
9,1,9,9,652
9,5,9,4,668
6,4,6,3,450
2,2,9,7,463
1,8,6,7,564
5,1,10,7,524
5,3,9,1,431
1,3,6,10,475
3,8,10,2,553
3,5,10,8,606
6,5,10,9,716
5,2,5,4,379
7,6,2,5,522
7,5,9,4,595
3,4,5,6,443
2,4,5,4,376
3,8,10,4,624
2,2,1,4,235
9,7,10,7,802
7,8,1,10,700
4,4,6,7,495
8,10,7,6,790
6,9,10,9,839
10,8,10,9,902
8,1,10,5,538
2,8,3,4,468
10,9,2,3,650
10,1,7,2,454
1,3,2,1,180
1,6,5,3,387
7,10,9,9,884
2,3,7,5,402
3,10,6,7,660
7,8,3,4,580
6,10,7,4,709
5,1,4,3,298
8,1,6,9,593
4,1,2,5,301
5,8,6,8,667
6,10,3,6,645
2,7,2,6,446
3,2,7,4,362
6,10,4,5,647
9,7,10,9,855
1,8,4,3,415
7,3,8,6,559
4,8,8,1,534
5,4,6,6,512
8,7,1,5,550
6,4,2,4,422
7,2,2,9,500
2,9,9,1,515
3,4,7,10,568
2,7,6,3,456
6,5,4,10,621
1,10,6,2,509
8,10,6,3,690
7,4,9,5,614
2,2,3,2,213
4,2,10,9,566
9,6,1,4,535
1,6,4,3,374
9,6,9,5,723
8,5,2,4,494
4,4,2,6,421
2,7,3,3,379
3,2,10,9,541
2,8,9,7,643
9,3,5,9,647
3,7,1,4,388
7,8,1,5,578
4,4,4,6,468
2,5,4,3,341
6,7,5,6,594
7,2,5,6,502
5,10,7,10,833
5,1,5,10,505
5,2,5,4,381
3,1,5,4,310
4,2,4,2,309
3,9,4,6,575
10,1,9,1,473
9,1,2,1,309
2,10,8,5,642
7,2,8,6,532
1,1,7,8,393
5,1,7,5,407
8,9,7,1,638
3,8,1,5,459
5,8,10,4,655
4,3,7,3,412
3,10,5,5,609
6,8,10,6,751
1,8,8,9,638
2,2,3,1,210
4,9,9,9,764
5,4,8,2,447
5,2,10,1,429
2,7,9,9,684
10,9,2,6,719
4,5,3,1,335
3,10,7,7,681
9,2,5,5,497
8,7,7,6,701
9,6,2,2,503
5,4,2,3,362
8,6,5,1,487
6,3,7,7,559
5,8,10,10,810
8,1,5,3,385
4,8,3,10,663
9,10,5,7,806
2,9,9,4,615
6,10,10,10,891
1,9,2,5,459
3,7,6,8,603
5,10,4,4,604
10,8,6,3,690
5,6,5,6,574
7,5,10,6,658
9,4,1,7,526
4,3,8,5,470
10,7,4,4,643
2,2,3,3,243
6,8,10,6,750
4,3,4,7,457
2,4,1,9,427
1,6,4,4,391
6,7,9,10,785
5,9,4,10,707
1,6,6,1,348
10,3,10,3,599
5,4,1,5,379
5,4,6,10,598
7,7,2,3,480
8,9,4,6,710
4,8,9,4,620
8,10,6,7,809
7,8,10,6,775
10,9,6,9,880
8,4,2,10,610
4,2,1,7,340
2,8,4,8,564
7,5,10,10,768
9,5,10,5,697
5,3,7,10,621
8,1,3,3,369
5,9,9,1,583
10,9,7,6,822
1,8,2,10,573
6,1,1,2,235
6,2,1,10,480
5,2,6,9,511
10,2,3,7,546
8,8,6,10,824
3,1,7,5,369
10,4,4,6,594
8,8,5,6,697
9,8,10,10,896
9,8,3,8,737
10,4,3,6,598
4,7,9,2,538
5,3,8,10,612
8,9,4,5,675
8,7,9,8,787
10,4,6,2,526
3,3,2,8,422
1,1,7,8,411
5,4,6,6,513
9,7,1,7,630
2,4,6,10,550
7,5,9,3,592
4,9,4,2,505
5,3,9,4,512
2,6,3,9,505
2,9,5,8,633
6,3,10,5,572
8,10,1,5,659
4,2,9,3,412
10,9,7,6,806
5,3,1,4,330
2,2,3,8,377
7,6,9,4,615
8,7,7,3,608
10,9,6,5,779
9,5,5,4,568
4,1,7,9,509
2,3,1,6,316
7,2,8,6,538
4,5,8,3,483
4,1,9,8,513
10,6,7,6,718
3,3,10,3,428
4,7,9,7,663
4,8,6,5,600
8,1,9,1,439
5,3,9,9,603
4,8,2,9,606
9,8,7,1,639
3,2,5,5,344
4,5,3,1,323
9,4,3,1,443
8,1,8,7,584
6,9,3,10,738
6,8,5,3,582
4,9,3,4,516
4,6,3,6,471
8,2,7,9,605
8,7,6,6,681
9,2,1,6,460
8,3,10,1,523
1,3,8,3,349
8,1,6,1,362
4,1,10,7,505
5,1,10,6,493
8,5,1,9,591
8,5,3,7,603
3,1,8,3,331
8,8,5,1,570
7,10,5,8,779
7,7,1,4,502
2,2,4,1,230
2,5,3,8,459
1,1,10,3,324
9,7,2,9,689
2,3,10,2,378
9,7,3,4,580
5,2,6,3,375
8,2,1,9,496
3,1,7,10,511
5,1,9,7,513
9,6,5,6,652
4,3,7,9,572
10,2,3,3,452
9,7,8,10,860
1,8,7,2,462
5,7,4,5,520
1,4,3,10,452
3,1,1,6,259
8,2,4,8,531
6,1,4,1,269
8,8,3,4,605
6,10,3,2,545
5,10,5,10,791
10,5,3,7,620
4,2,9,1,373
4,1,6,4,334
5,9,1,2,466
5,7,3,3,483
3,10,1,5,520
7,4,3,1,387
8,3,2,4,426
3,2,8,6,448
10,3,5,7,615
8,5,1,5,510
6,3,5,2,380
6,6,5,6,570
7,5,1,8,544
9,10,6,1,668
10,4,6,7,680
6,1,8,7,509
9,3,2,1,373
2,3,4,7,409
9,8,4,1,566
1,1,8,3,307
3,5,7,2,426
6,6,3,6,529
10,5,2,9,668
3,8,9,3,568
2,8,10,1,534
7,7,3,1,485
9,5,1,5,512
8,8,5,9,745
4,3,2,8,432
9,2,4,6,505
3,8,3,2,423
6,2,8,1,408
10,6,2,2,525
8,2,7,3,462
7,8,7,6,713
7,5,7,1,486
9,5,5,3,548
9,9,6,1,642
10,10,4,8,829
2,2,4,5,318
6,4,7,8,607
7,2,2,8,488
9,1,9,1,468
10,2,6,6,576
7,8,2,8,640
5,9,9,1,598
9,2,4,4,462
3,3,1,6,326
3,5,1,10,497
10,1,9,8,649
7,5,5,5,562
8,1,4,9,544
9,5,4,3,528
5,10,1,5,588
9,3,2,3,416
9,2,5,4,495
2,9,9,6,640
6,8,6,1,550
7,2,9,8,602
7,4,2,3,417
6,5,8,6,590
4,5,3,9,524
5,5,10,5,617
8,2,6,1,420
10,3,9,3,612
1,6,4,8,493
9,4,10,10,812
1,4,7,1,329
10,6,5,10,789
9,2,5,6,521
5,9,1,7,576
4,9,5,4,562
7,4,3,9,591
8,1,7,9,582
6,4,8,3,513
9,2,2,7,505
4,10,8,9,769
8,4,2,6,506
10,7,10,9,890
9,10,3,5,697
8,4,1,1,382
8,6,9,9,790
1,2,5,4,275
8,6,1,2,467
2,10,5,5,560
6,6,2,10,612
3,6,8,1,436
2,6,9,4,524
8,10,9,5,809
2,3,7,7,472
6,2,10,6,543
3,2,1,5,275
2,2,7,8,442
10,8,4,1,613
1,4,8,2,356
6,9,5,10,785
5,10,5,8,744
2,7,8,6,586
9,3,10,4,603
6,8,7,2,560
9,7,1,3,529
4,5,3,3,403
10,1,2,4,428
4,5,2,4,370
2,1,10,10,529
4,7,10,9,719
10,1,1,6,463
8,9,4,5,665
8,3,5,3,456
10,3,3,7,561
10,8,5,5,708
4,7,10,4,604
2,4,8,9,553
7,9,4,10,769
3,5,1,3,323
8,4,2,8,563
10,4,3,2,482
5,8,4,7,604
5,9,9,9,785
5,9,10,8,781
7,6,5,4,537
3,6,4,6,500
9,5,7,10,774
5,9,3,9,695
7,8,6,5,660
8,1,7,10,609
2,9,1,10,591
9,1,4,4,439
5,5,6,1,400
9,3,4,1,423
2,8,7,6,560
7,10,7,9,836
2,9,9,6,635
4,4,5,3,391
1,7,1,1,262
10,4,4,2,498
4,3,8,10,612
2,7,4,8,548
3,6,9,1,479
3,5,1,5,376
6,8,3,3,516
10,9,4,4,702
2,8,6,3,501
8,7,8,7,727
2,7,3,3,392
4,8,1,1,376
5,5,1,6,457
5,9,5,6,657
2,9,3,6,514
2,7,4,1,357
4,6,7,7,588
7,3,6,8,584
8,2,10,9,672
10,10,1,2,605
10,5,9,5,702
10,4,9,1,581
1,7,3,10,558
9,3,2,8,544
6,6,10,7,723
6,4,9,6,599
3,4,3,2,314
5,2,6,3,365
10,9,1,6,705
2,4,1,3,270
9,10,5,6,775
8,6,4,2,519
9,1,1,4,361
1,9,4,3,430
10,4,9,10,811
6,6,1,10,606
6,2,3,4,370
9,4,9,10,773
8,1,9,9,634
8,7,1,5,557
4,1,9,5,448
8,2,3,10,582
2,7,10,2,527
3,4,8,3,419
6,1,7,8,526
8,3,10,1,503
6,9,7,1,592
1,6,5,9,527
8,5,2,10,657
10,8,4,2,636
2,2,6,10,472
4,6,7,6,573
4,1,7,3,338
6,2,9,1,432
6,5,5,1,414
5,2,7,3,399
3,3,4,5,350
4,8,10,7,719
5,10,4,8,709
7,7,5,4,603
1,1,5,9,365
3,3,7,6,439
10,7,1,7,650
3,9,6,9,698
5,7,4,7,586
7,8,5,2,581
6,2,6,6,492
1,10,3,10,624
3,4,2,9,467
7,7,6,3,574
8,8,9,1,657
3,3,10,8,545
2,2,3,6,300
2,1,5,7,358
10,1,7,5,550
1,3,7,10,523
5,1,1,1,204
3,5,10,9,657
9,8,8,1,658
9,6,9,3,646
3,3,2,9,424
3,5,9,8,602
3,2,8,6,430
9,8,4,4,642
2,6,4,10,568
3,3,3,6,368
8,7,4,4,580
10,2,1,9,562
2,8,9,4,557
9,10,10,5,868
10,4,1,3,481
3,7,9,6,623
10,1,7,3,495
10,4,10,5,696
10,10,6,8,889
9,8,2,10,745
1,10,2,2,406
3,10,7,2,576
1,6,9,3,477
3,1,5,10,447
4,7,6,10,698
5,4,7,7,545
8,4,10,5,644
1,8,1,5,411
6,5,3,5,470
9,8,8,8,833
7,8,6,2,566
8,1,6,6,506
4,10,3,3,545
1,3,4,5,310
5,3,6,6,495
8,2,1,4,391
7,10,3,3,605
5,5,10,3,554
4,3,2,10,484
4,3,7,8,520
2,7,5,5,485
2,4,6,1,314
6,9,2,7,632
8,7,5,5,637
9,9,9,6,814
6,3,1,7,418
1,8,6,6,531
2,4,2,1,229
8,6,4,6,592
8,10,2,5,682
2,4,6,10,530
8,8,6,4,647
8,10,1,4,615
7,8,5,7,693
9,3,3,4,491
10,1,7,9,632
5,4,7,5,501
1,1,10,3,320
2,2,7,10,513
4,2,6,8,469
4,5,4,3,421
9,8,8,8,827
8,8,8,10,868
1,4,4,5,355
6,4,2,6,463
8,7,6,2,590
7,5,6,10,714
8,3,7,1,435
7,10,9,7,843
9,6,9,2,626
8,1,10,7,623
1,9,8,4,560
5,2,9,6,513
7,9,3,2,550
7,7,4,9,701
8,1,1,5,360
3,9,10,6,678
7,8,9,6,762
8,5,3,3,498
6,6,8,7,652
9,6,3,10,697
1,5,4,9,490
5,10,4,7,681
4,10,2,1,464
4,1,6,4,362
1,1,8,10,452
2,7,8,8,625
7,5,1,9,565
7,2,6,2,401
7,2,2,5,409
5,7,1,8,553
4,9,4,10,710
5,7,4,1,428
6,1,3,2,285
9,1,9,9,647
8,1,8,10,630
7,1,1,10,483
5,5,8,7,595
6,2,6,5,442
9,1,3,3,380
8,1,5,3,386
8,3,7,1,440
3,8,6,2,502
7,5,3,4,468
6,10,1,4,562
4,10,1,9,660
7,3,10,3,559
8,1,10,2,499
1,8,8,2,458
6,9,8,8,773
9,2,3,10,598
6,10,9,10,879
8,10,3,3,638
5,3,10,1,434
3,9,5,10,708
7,2,4,7,473
7,7,1,6,559
2,3,10,5,469
4,1,4,6,360
1,4,6,10,509
9,5,8,9,744
6,1,7,4,426
2,5,3,6,429
7,3,8,2,464
9,4,1,8,555
5,10,5,7,716
8,6,5,9,686
1,8,3,7,505
8,6,10,9,823
10,5,8,2,620
4,9,1,7,566
8,5,1,1,395
1,6,6,3,395
8,1,1,6,405
1,6,1,6,389
8,6,1,5,539
6,5,6,10,672
9,2,10,5,615
4,6,6,2,447
4,1,9,7,479
3,3,1,3,258
4,4,3,10,549
8,1,7,2,400
3,4,6,10,558
5,4,8,4,510
2,3,6,8,463
9,7,2,8,661
8,3,7,10,675
3,10,6,2,529
5,7,2,7,534
6,8,10,4,698
7,6,10,2,599
8,10,9,5,794
4,6,8,3,505
1,4,4,1,248
5,6,8,6,629
6,1,4,6,400
10,3,9,7,688
1,2,1,9,318
7,10,3,5,662
9,2,8,9,659
10,9,10,7,899
3,4,2,10,499
5,5,6,7,566
2,9,10,2,560
1,3,2,3,235
6,9,10,4,738
6,2,10,8,596
7,8,1,1,475
5,8,5,10,710
4,6,5,7,550
10,7,4,5,673
3,4,4,3,342
10,5,5,7,683
4,9,6,4,571
6,2,5,6,475
3,7,2,6,483
4,6,4,4,475
9,7,3,3,587
6,4,9,4,538
4,2,2,5,324
7,5,6,10,678
2,10,9,10,790
7,4,3,10,614
3,9,5,3,530
5,2,4,10,496
2,8,1,7,495
8,1,7,5,478
7,10,2,1,552
1,5,10,7,531
10,8,4,3,650
8,2,3,3,401
1,6,2,1,265
2,6,4,6,467
9,10,10,8,937
8,9,6,10,856
6,6,9,4,616
9,2,10,9,691
8,9,10,9,884
9,2,4,7,521
1,3,4,8,401
2,9,2,5,492
4,7,8,5,584
5,2,8,2,386
6,8,6,4,625
6,4,8,9,666
1,4,4,2,292
3,7,5,4,485
8,3,7,6,571
1,7,7,1,413
5,4,7,8,578
1,5,3,1,267
3,6,7,8,587
4,3,5,9,523
6,9,6,2,574
9,8,7,1,629
7,7,6,8,695
6,10,3,4,592
1,10,5,1,446
2,4,6,8,498
3,1,3,3,224
4,4,9,7,558
3,6,3,6,471
9,6,4,5,611
3,8,4,8,600
3,10,7,9,739
8,3,7,3,496
7,10,10,6,838
3,6,4,6,492
1,3,8,8,461
7,4,9,10,742
3,5,5,5,453
9,9,6,6,748
1,7,10,6,587
7,2,9,10,669
6,3,1,4,353
3,1,3,4,273
8,9,3,6,697
7,9,10,7,821
1,2,1,9,319
10,9,7,2,727
4,1,1,5,288
4,1,4,6,365
4,1,7,2,308
3,8,8,3,565
2,4,9,2,407
3,4,5,1,338
10,7,9,4,749
6,2,4,2,345
5,7,1,10,610
7,10,6,6,732
8,6,3,5,562
5,9,10,1,609
5,6,7,9,670
7,1,5,2,373
5,6,2,3,406
2,6,5,10,592
10,4,2,4,523
8,6,2,6,574
7,9,5,7,715
7,3,7,1,418
10,6,5,7,689
10,5,10,7,769
7,3,3,10,582
3,6,6,3,432
8,8,7,10,829
4,3,5,3,352
7,3,9,5,556
7,6,2,9,621
8,1,5,1,344
8,8,1,9,676
9,1,10,9,695
9,7,6,5,684
2,2,9,3,371
9,8,4,1,553
9,2,3,10,582
6,8,7,5,659
4,6,2,2,351
10,7,2,2,540
3,3,7,5,435
6,8,9,1,596
7,8,6,3,607
7,1,3,4,381
10,3,2,3,474
6,7,6,6,625
3,8,7,7,631
5,10,8,5,714
9,1,6,7,552
7,2,7,1,400
9,7,7,2,628
3,8,3,10,611
2,4,6,9,525
5,10,8,1,612
4,5,6,5,502
1,9,2,9,545
9,6,6,2,594
3,7,5,3,472
8,3,2,1,358
3,1,4,9,423
9,2,3,7,518
9,6,3,9,670
10,3,1,2,405
8,7,2,2,504
6,5,10,6,661
9,7,10,10,894
9,4,2,8,573
4,8,9,9,750
4,1,3,9,399
7,5,4,2,436
4,10,10,9,812
3,9,5,3,536
10,4,8,5,644
8,9,4,7,706
6,8,7,7,724
7,5,7,10,699
7,9,2,4,581
2,9,10,7,702
10,7,6,3,669
2,6,4,5,433
6,3,8,9,608
9,7,3,7,663
1,3,6,4,321
3,1,9,6,454
3,8,2,4,453
10,1,7,10,683
4,9,6,8,687
7,6,9,7,706
8,10,3,2,617
3,6,3,10,565
6,8,7,8,729
6,7,9,1,573
8,8,6,4,674
3,6,8,7,596
1,6,7,7,510
10,5,1,2,485
5,9,1,3,474
3,4,3,4,348
1,8,4,7,517
2,6,2,6,426
2,4,7,8,504
3,9,2,8,604
4,1,1,2,194
9,2,2,6,461
7,9,6,8,771
6,2,1,5,348
9,8,4,5,671
3,5,2,10,511
10,7,2,4,600
7,2,6,1,398
9,5,5,4,570
3,9,5,8,633
5,10,9,2,643
4,6,6,6,563
7,6,1,2,411
1,1,1,8,258
4,2,1,10,445
6,2,7,2,403
8,1,8,2,432
1,5,7,10,561
2,7,6,3,464
10,2,10,4,592
7,8,2,10,691
8,6,6,10,730
4,1,4,2,268
5,10,9,10,840
4,8,6,8,640
6,1,1,8,386
3,6,9,7,624
6,4,3,9,568
1,2,7,10,471
6,7,9,8,741
3,8,7,3,543
3,2,1,4,255
6,5,1,3,375
5,5,6,8,600
1,4,10,1,372
7,5,7,2,498
7,3,2,10,551
5,6,6,9,649
1,6,5,10,540
3,2,6,1,282
7,10,7,10,877
4,7,9,5,596
7,10,1,7,687
7,10,3,3,612
2,1,9,9,487
7,3,10,2,501
9,1,4,6,503
10,7,10,2,719
4,5,1,1,284
3,10,3,8,630
9,1,2,10,526
4,2,7,9,527
6,10,1,10,724
5,5,6,9,623
8,8,1,1,488
5,9,2,9,663
9,4,1,1,399
8,10,5,5,722
7,8,10,1,637
10,4,5,2,516
9,1,4,2,384
8,8,9,5,743
10,4,10,9,800
10,1,2,5,427
2,1,10,3,351
1,1,8,3,295
3,8,4,4,481
4,8,6,1,489
10,6,10,8,838
7,6,4,7,603
10,10,7,1,720
9,4,3,4,488
10,2,1,10,592
8,2,10,5,592
4,8,2,10,618
7,7,1,2,454
4,3,7,8,511
4,3,2,6,372
4,6,2,4,429
5,3,8,7,561
3,6,4,5,476
7,5,3,10,619
7,5,5,9,644
3,6,1,10,525
8,5,9,6,667
10,8,3,7,718
7,10,6,7,783
9,10,10,1,746
3,3,1,7,343
10,2,10,5,636
9,4,2,5,508
2,1,10,2,315
8,3,9,9,676
8,10,5,4,689
5,4,8,4,513
10,6,2,5,596
5,2,7,4,428
7,7,9,1,595
6,6,6,6,589
7,10,6,1,637
8,3,10,8,677
5,8,6,5,628
8,1,2,8,477
9,4,10,10,806
10,10,9,7,918
9,4,8,7,688
7,8,1,5,541
2,1,5,2,229
3,3,2,6,352
8,8,5,10,792
4,1,2,10,425
4,1,8,9,498
10,3,2,5,514
3,10,7,6,660
1,8,2,5,417
2,9,5,10,679
6,3,3,10,569
10,10,2,2,632
5,6,2,5,456
10,10,8,7,904
9,5,5,10,717
9,5,2,10,651
8,3,4,5,480
1,4,10,5,472
5,1,7,8,487
7,4,8,5,584
10,5,1,9,636
5,6,4,6,542
8,3,5,2,453
7,10,10,10,942
4,5,1,7,432
5,3,10,9,634
6,5,3,6,499
6,4,2,8,525
9,7,2,4,591
3,9,5,2,509
9,7,2,9,693
4,9,2,10,655
4,5,2,10,520
7,10,1,8,709
10,6,7,10,837
7,6,4,1,448
4,7,7,2,503
8,7,8,3,658
7,8,1,10,680
9,4,4,3,501
1,6,2,9,461
7,5,8,4,595
10,7,6,5,704
7,5,5,1,466
3,2,4,4,314
4,3,7,9,538
2,2,5,7,374
10,9,7,5,774
10,6,3,5,602
1,1,7,5,329
5,1,9,1,344
10,9,4,8,817
3,4,2,1,252
8,1,1,4,339
6,9,1,7,621
5,8,7,4,604
6,6,9,5,635
2,6,9,3,497
1,3,10,5,454
9,8,3,9,767
7,4,4,2,425
8,7,7,6,692
1,7,9,1,421
3,3,8,7,499
9,1,2,4,393
1,5,7,2,351
1,7,4,8,498
6,9,5,4,623
9,4,3,8,598
5,2,10,9,608
2,1,8,3,317
1,1,9,8,449
6,3,4,1,345
1,1,10,7,431
2,2,7,1,283
2,8,6,2,446
4,2,6,9,493
8,3,3,2,384
4,7,4,9,622
2,6,7,4,487
7,4,8,9,660
7,9,10,5,787
7,2,2,10,519
10,1,4,7,545
3,7,7,7,613
6,2,6,10,593
6,2,5,2,371
3,3,6,6,424
3,3,1,7,352
8,2,4,10,608
8,1,4,6,458
5,10,9,3,680
8,6,4,8,674
3,4,9,5,519
6,3,8,9,644
4,6,1,4,419
1,3,1,9,341
9,4,2,4,492
10,6,7,3,659
10,8,5,4,708
7,9,9,5,741
8,10,1,9,764
6,3,3,8,484
10,7,5,8,749
10,4,2,3,472
7,2,6,9,591
4,9,2,2,455
9,7,7,1,590
6,7,6,6,611
6,4,9,1,483
8,5,1,4,482
6,2,5,7,482
6,6,5,5,564
3,10,10,2,627
1,6,6,3,413
2,9,5,7,602
5,7,4,8,621
10,10,7,10,957
5,7,2,5,494
10,3,9,6,688
4,3,8,4,440
1,6,10,1,430
7,6,2,4,485
2,1,3,3,225
7,1,9,6,534
3,3,2,2,244
5,9,2,2,502
10,2,4,6,540
1,6,1,3,289
5,10,5,10,792
10,8,5,1,610
5,3,4,8,490
7,5,2,6,521
6,10,10,6,804
8,8,1,5,571
6,5,8,3,535
8,4,8,10,740
2,9,9,10,739
6,4,4,6,516
6,7,7,9,744
6,6,5,1,443
9,8,10,3,747
8,7,5,10,746
10,4,9,10,781
9,9,5,1,622
10,10,4,9,837
6,10,6,5,676
10,10,2,7,746
6,5,4,7,558
4,1,1,1,155
5,4,9,3,490
8,6,10,1,608
10,3,8,4,595
8,1,3,6,434
9,2,1,10,538
5,3,10,2,478
7,9,10,2,697
7,7,3,7,625
1,5,2,9,426
4,4,2,5,400
1,8,3,6,490
9,7,9,10,863
1,5,3,6,388
4,5,5,4,465
4,4,4,5,422
2,9,2,6,491
5,4,7,7,568
6,10,5,1,570
3,9,1,5,471
4,1,3,10,458
10,3,4,2,468
5,2,4,7,433
7,3,5,1,401
10,1,5,10,618
1,1,4,4,232
9,9,2,9,754
6,8,10,4,687
2,9,1,7,510
3,3,2,10,472
10,2,10,4,614
9,6,4,7,653
1,4,5,8,458
5,6,5,9,641
1,3,2,3,235
9,9,10,2,727
4,9,3,7,619
7,7,9,2,625
2,2,5,10,449
8,9,2,5,644
7,6,6,7,632
3,10,9,8,740
10,1,10,1,520
2,7,2,10,547
5,4,8,4,506
5,2,8,2,383
3,4,8,9,578
5,8,3,7,606
8,10,3,2,618
7,9,1,3,556
3,1,7,7,425
8,5,10,5,659
1,10,5,6,569
1,7,1,2,314
10,7,1,10,710
1,6,2,1,255
2,6,10,8,627
9,8,10,1,698
10,6,6,6,685
10,7,3,6,672
7,8,2,9,672
5,9,10,5,708
4,2,9,2,403
3,6,3,10,550
7,1,3,3,337
7,9,4,5,632
9,4,5,1,476
2,9,2,5,480
8,3,6,4,500
7,10,3,6,679
10,9,10,1,756
3,2,8,7,451
6,3,8,10,658
3,10,9,1,562
6,10,2,9,732
7,5,9,1,530
10,6,7,4,677
1,8,10,4,547
7,2,8,6,547
5,9,5,5,634
1,2,8,1,288
5,3,7,9,561
8,9,3,2,598
5,5,10,5,600
4,6,4,2,414
2,9,10,6,652
1,1,3,5,232
3,9,9,3,614
5,2,6,7,472
9,6,3,5,589
5,8,8,6,687
8,8,2,4,575
2,4,10,7,549
8,9,8,2,682
2,2,4,1,199
6,9,10,8,817
1,2,7,4,330
5,7,3,10,642
7,5,1,1,374
5,1,7,9,516
10,4,3,5,573
8,2,7,1,443
8,2,9,1,476
6,1,3,6,404
8,5,2,4,494
4,10,10,8,800
10,1,7,3,490
8,3,1,5,450
1,9,6,8,621
4,9,2,9,642
5,6,3,4,450
7,1,7,1,386
6,2,10,9,628
10,6,7,10,830
8,10,1,8,735
10,8,6,9,846
4,2,2,5,330
9,3,8,4,576
3,5,3,1,328
4,7,3,5,511
2,10,2,4,484
4,4,6,2,407
7,10,3,8,716
8,5,2,7,558
6,10,3,9,749
3,5,7,8,572
7,9,5,10,789
3,6,5,4,466
2,7,5,4,467
8,9,9,3,739
5,5,10,2,537
8,3,1,1,345
2,6,6,3,416
4,2,2,7,383
1,7,1,6,408
6,2,8,5,498
6,2,8,6,523
1,2,9,8,451
7,5,2,6,529
4,10,2,2,497
8,8,10,6,777
4,4,5,1,358
8,7,10,9,851
2,7,8,7,613
5,2,6,4,402
9,7,6,5,662
10,10,4,3,695
8,3,7,7,607
7,2,10,3,498
3,2,9,10,569
4,9,3,7,599
8,10,4,3,653
5,1,10,3,439
6,3,5,9,562
2,6,6,8,558
2,9,2,1,374
2,7,8,5,557
6,8,3,1,487
8,5,1,8,583
9,8,7,3,666
5,6,4,2,439
3,7,8,2,496
8,7,3,1,512
8,6,5,8,693
1,1,4,6,280
9,1,1,5,400
5,10,6,8,737
1,4,9,8,514
9,1,9,3,500
10,9,1,1,569
6,4,7,5,540
7,8,8,1,583
8,3,4,6,522
4,4,7,6,518
8,1,10,7,596
7,7,7,10,780
8,9,9,2,692
7,7,4,9,693
1,2,2,8,319
1,4,10,5,458
7,8,9,7,770
5,10,6,5,662
9,3,3,7,536
6,3,7,5,506
8,1,4,1,331
10,8,7,10,888
2,4,1,3,252
6,6,5,9,670
10,7,1,9,723
10,9,7,2,704
6,10,4,3,618
6,8,6,9,719
2,8,9,10,721
10,8,9,5,802
6,4,5,7,533
10,6,6,8,749
3,7,5,2,448
6,8,1,6,573
2,7,10,1,487
8,7,6,9,737
6,4,2,1,344
1,10,3,4,482
1,4,7,10,525
6,6,9,2,575
5,1,8,8,506
5,8,3,3,497
5,3,3,6,420
8,2,4,7,506
10,7,7,1,640
5,5,4,8,559
7,10,1,7,682
7,10,8,9,851
3,4,4,9,492
7,3,10,5,608
8,1,2,7,435
2,7,9,2,508
4,2,7,5,421
5,3,7,6,492
5,2,9,8,550
10,7,9,7,813
6,7,2,3,458
10,6,1,9,691
7,9,9,1,630
3,6,2,10,552
1,1,5,4,235
4,3,2,9,448
1,7,4,5,445
5,1,6,9,481
7,6,5,4,570
6,4,5,6,536
7,9,10,7,838
4,1,8,4,386
5,8,4,8,648
3,9,3,1,411
6,10,2,6,646
1,5,10,9,593
8,3,3,1,384
3,1,8,1,290
9,7,4,9,753
10,10,6,4,773
7,7,10,9,826
6,1,6,2,351
9,8,9,10,882
3,8,6,6,599
10,1,4,10,601
6,10,2,7,651
4,4,1,2,293
9,7,9,10,846
6,3,6,3,425
4,10,6,9,731
2,2,4,9,418
2,8,4,2,425
7,6,10,5,670
1,2,8,1,268
2,5,4,7,455
8,4,6,4,537
1,1,8,4,299
8,7,8,8,775
2,6,1,1,265
3,3,5,1,308
10,3,4,10,663
10,10,10,3,805
8,10,10,2,746
8,7,7,4,656
9,6,2,1,450
9,4,5,3,535
8,4,9,9,726
2,10,7,9,700
3,7,5,1,426
7,3,6,5,506
10,6,8,1,596
4,2,9,10,593
8,4,5,4,512
9,2,8,2,507
10,3,9,3,613
10,1,10,5,593
3,9,5,9,671
9,7,7,8,777
9,9,6,7,803
9,1,1,3,335
5,2,9,10,608
4,4,5,8,525
4,5,4,6,471
3,8,6,10,701
2,10,10,7,722
1,7,5,1,354
4,4,10,7,608
1,2,7,10,474
1,1,5,1,187
7,1,1,2,267
10,3,1,9,574
8,5,2,5,500
1,4,9,2,391
1,4,4,6,379
3,9,6,7,631
10,2,10,6,645
2,2,2,10,395
1,5,8,2,377
5,8,10,5,688
6,5,4,4,480
2,9,2,10,623
10,9,3,10,813
6,4,10,7,641
3,3,1,6,343
9,8,7,10,856
9,3,10,10,780
7,9,2,2,530
9,3,9,5,631
6,2,8,9,576
6,6,8,10,747
5,9,1,9,629
7,4,3,10,595
6,1,3,2,280
9,3,2,4,448
2,1,6,10,469
10,10,2,9,813
8,8,3,3,576
1,4,1,3,228
5,5,4,3,420
4,8,4,8,637
5,4,4,4,415
9,4,9,10,792
10,7,10,3,738
3,1,10,5,411
10,6,10,9,867
4,1,1,8,359
2,1,8,4,322
4,5,1,1,307
2,7,1,7,449
4,10,6,8,710
9,4,6,8,663
2,6,4,1,322
9,9,2,9,762
5,7,9,8,710
6,4,1,6,422
6,6,4,2,457
3,10,1,7,550
9,1,5,7,528
9,8,3,5,641
4,5,3,9,553
10,2,7,7,625
9,3,4,1,437
4,1,2,3,233
8,7,4,1,518
4,3,9,10,635
4,9,2,5,534
9,5,9,9,784
3,4,1,1,236
9,8,5,5,704
3,7,9,6,624
2,1,2,1,150
10,9,10,8,914
3,8,2,2,411
10,3,7,1,492
7,4,5,10,653
1,4,1,1,195
1,7,7,4,469
2,3,8,8,490
6,10,9,9,862
1,1,10,5,388
2,6,7,1,380
8,5,7,10,739
7,10,9,10,894
7,5,7,3,534
5,4,5,8,536
4,9,7,10,767
7,8,6,8,740
1,6,1,9,447
7,2,10,8,620
7,7,6,10,743
7,9,10,3,734
1,5,4,2,316
9,3,8,6,625
1,4,3,1,237
5,6,2,3,414
6,4,9,5,574
2,6,10,2,487
7,3,9,5,555
10,8,3,3,625
10,3,8,10,757
8,2,4,10,598
1,4,4,10,479
3,2,9,9,525
10,8,3,9,772
6,1,7,3,378
9,5,3,8,652
2,3,8,10,568
10,6,1,9,673
5,7,7,3,560
4,10,7,8,753
9,7,8,6,762
9,4,5,9,666
4,7,9,10,741
8,9,10,4,767
1,7,10,9,670
9,3,6,7,603
10,9,2,8,753
7,4,2,8,541
5,6,7,10,675
8,4,9,1,526
10,1,4,8,565
5,9,6,1,525
6,8,6,5,641
2,4,10,5,510
2,7,10,10,706
5,1,1,1,217
9,10,1,5,679
9,1,8,1,420
5,8,6,9,690
9,1,10,10,687
1,3,2,2,193
8,1,4,1,326
4,2,3,9,428
1,2,5,10,429
1,7,4,6,468
6,2,1,8,433
9,6,1,9,657
3,6,10,10,715
9,3,5,5,529
7,4,4,7,554
4,4,6,6,486
3,9,6,6,621
5,1,3,4,310
5,10,9,4,703
10,1,10,6,637
1,4,5,2,291
8,6,5,9,697
2,10,8,10,752
9,1,7,8,577
4,3,7,9,553
6,8,6,2,562
2,2,2,1,168
1,7,5,3,406
10,6,1,9,671
7,6,6,5,615
4,3,10,8,586
7,10,4,7,721
1,5,3,5,357
4,3,1,10,479
5,4,10,5,553
1,3,10,10,567
2,1,3,5,275
1,3,3,5,298
9,1,4,10,590
4,1,2,1,196
3,7,5,9,612
4,5,5,5,480
9,10,3,6,738
9,7,3,1,518
1,6,1,9,443
1,6,1,7,417
7,1,1,5,335
9,1,4,10,588
10,9,3,2,643
1,3,7,1,293
1,8,5,8,547
7,8,6,7,719
2,8,5,7,577
5,1,8,4,398
2,5,1,9,429
6,2,10,10,640
4,7,6,10,692
1,8,4,5,475
7,2,4,10,556
1,10,9,3,585
9,10,3,8,778
3,2,1,2,208
9,2,7,5,548
9,6,1,5,568
4,8,10,5,653
9,9,1,2,563
4,10,9,10,838
6,1,9,6,493
4,3,7,3,402
10,8,4,8,766
5,9,1,4,516
10,8,3,5,686
7,1,7,8,532
9,6,6,2,573
4,4,8,1,394
4,4,1,3,315
6,9,9,9,831
1,9,8,2,517
1,6,9,7,544
2,1,2,1,143
6,8,3,10,704
10,5,7,8,738
2,2,5,1,232
9,7,6,9,766
5,9,6,6,660
4,1,5,9,447
8,8,5,9,747
3,1,9,6,423
9,2,2,7,506
4,1,8,2,322
5,3,7,7,539
2,7,6,10,634
9,2,7,5,551
1,7,6,4,443
4,2,8,2,371
8,1,1,4,342
9,7,7,8,759
5,1,9,6,489
3,5,2,10,510
5,8,2,8,620
10,10,1,5,687
1,7,8,3,452
7,4,3,8,537
7,2,1,6,424
1,10,9,3,562
4,1,9,3,390
4,1,4,1,219
5,7,8,4,613
4,3,6,4,419
3,9,5,7,609
5,7,6,10,686
3,2,3,1,239
6,2,8,6,510
1,7,3,8,496
4,8,9,10,751
6,5,5,10,648
8,8,5,8,745
8,3,2,9,536
9,4,2,10,615
4,9,9,4,657
6,1,10,6,534
2,6,2,4,365
8,7,9,7,761
2,6,7,3,437
7,6,6,1,508
5,10,3,7,649
3,5,7,3,432
10,2,6,8,645
9,8,7,7,778
6,5,1,3,407
4,10,3,4,574
6,6,7,9,697
1,8,5,9,582
5,5,2,3,395
9,7,1,3,527
1,9,8,5,561
1,7,2,1,313
7,7,10,6,749
3,9,4,9,661
4,2,4,6,407
5,1,3,5,341
1,9,3,10,597
3,2,8,3,365
2,7,4,9,574
10,9,7,8,858
5,2,10,7,552
8,9,7,10,870
10,8,9,6,827
10,2,2,4,438
7,2,8,7,589
3,1,2,2,196
4,9,4,6,617
10,10,1,8,777
3,6,3,2,381
1,9,7,3,524
7,6,9,5,674
10,1,3,3,417
1,3,8,9,502
8,6,3,1,451
1,1,9,10,487
4,6,1,7,466
6,4,7,3,481
4,3,1,2,266
5,8,1,4,478
4,5,7,8,584
6,1,7,3,387
6,8,7,10,776
1,8,10,7,638
2,4,3,7,410
8,6,3,6,585
2,7,10,7,650
8,4,7,4,568
5,7,10,3,615
5,3,5,3,376
1,9,9,5,592
6,5,3,8,571
4,10,3,6,597
9,6,5,2,536
2,3,3,4,302
9,2,4,9,599
2,10,1,10,622
8,4,4,2,453
2,9,4,1,417
4,3,6,7,472
2,6,6,10,600
10,10,7,3,776
4,10,9,4,693
5,4,8,7,565
2,3,10,9,573
9,5,3,2,488
6,10,7,1,595
10,2,10,3,597
5,3,1,8,426
6,9,3,9,716
1,3,6,8,418
5,9,6,7,692
4,4,4,5,441
8,9,2,7,680
1,4,10,7,533
2,1,10,2,332
9,6,10,2,649
10,10,9,7,901
9,2,4,9,585
4,3,1,7,395
6,10,4,6,681
4,6,10,8,688
3,4,10,1,425
10,9,8,4,787
7,10,3,9,775
2,10,5,2,493
10,6,10,1,656
4,3,2,7,393
3,6,9,2,487
5,5,7,9,623
9,10,9,4,818
9,2,6,5,514
4,6,5,4,468
6,10,10,10,889
6,1,5,10,515
8,9,3,2,563
8,8,3,4,614
10,2,4,6,535
5,3,2,9,490
1,9,1,7,500
3,3,1,4,292
2,10,8,3,570
1,8,1,3,360
8,9,7,9,833
5,10,8,1,596
1,10,10,6,671
2,5,2,10,485
8,8,8,6,764
1,2,5,10,451
10,1,1,9,538
7,10,4,7,725
5,1,4,10,483
10,5,10,10,863
7,3,1,10,549
9,10,6,6,789
8,5,7,9,723
5,5,4,6,502
3,1,2,2,198
2,6,5,3,421
5,5,3,3,412
2,10,4,4,542
10,8,1,8,696
9,8,5,8,775
10,3,10,7,706
4,5,9,7,598
7,10,9,4,744
3,8,1,9,572
2,8,9,7,640
3,7,6,2,445
10,10,5,10,899
2,4,8,5,471
10,3,8,6,631
2,9,7,10,698
6,5,1,6,487
3,3,3,3,302
10,2,10,10,757
3,10,7,3,594
10,4,7,9,738
8,9,5,5,693
5,8,5,4,584
7,6,5,5,563
8,8,1,2,510
9,10,7,10,927
6,8,7,2,573
4,9,10,1,586
6,3,9,5,553
6,9,9,8,804
4,6,5,5,488
2,6,9,1,428
7,6,3,1,448
4,9,2,3,494
2,10,8,3,603
8,3,2,8,532
1,6,9,3,446
6,8,3,3,540
3,9,4,6,594
8,5,5,6,605
7,4,6,7,606
5,2,7,6,455
4,3,3,7,431
10,4,8,9,737
5,4,10,6,610
8,3,5,1,407
6,5,8,9,704
8,3,4,4,464
5,9,9,10,837
8,1,2,7,439
8,1,3,7,457
9,8,8,9,864
8,1,8,7,575
8,1,6,7,518
5,5,7,3,475
7,1,2,4,364
10,6,1,10,718
6,9,8,4,672
5,7,8,5,613
10,4,4,8,646
8,5,1,4,483
4,8,5,1,451
1,9,3,3,424
6,10,6,6,728
1,5,6,8,491
5,3,2,8,441
10,7,5,9,785
2,3,4,5,337
3,7,5,5,495
7,10,10,8,863
4,5,5,8,554
7,5,3,1,426
9,10,4,5,729
2,1,8,4,324
6,8,8,7,740
6,4,7,1,435
10,10,4,7,813
9,5,4,9,666
5,10,4,5,614
9,9,6,4,696
3,2,5,6,382
5,9,4,10,722
3,3,9,4,455
1,1,7,7,383
9,9,5,3,668
3,6,4,8,545
5,1,9,1,340
3,10,5,10,727
10,8,9,6,814
9,8,9,10,894
9,7,5,5,640
2,10,3,8,627
10,5,1,9,627
3,2,4,2,276
9,10,7,8,863
6,10,6,1,612
3,3,3,10,481
10,8,5,4,682
9,9,1,2,581
7,1,10,5,520
3,10,2,2,469
4,4,7,10,605
10,2,3,3,430
3,5,4,3,367
10,3,6,7,637
2,3,10,10,573
7,2,3,7,465
10,3,1,3,451
7,4,1,6,472
3,4,6,6,481
7,2,1,10,524
1,2,10,6,431
10,3,7,8,679
3,1,9,10,536
6,9,1,6,606
6,8,5,2,553
10,5,3,10,708
8,7,1,5,559
4,1,8,5,396
1,3,9,1,323
8,10,8,10,897
4,8,9,7,688
2,9,8,5,612
3,7,2,3,391
9,4,4,3,484
3,9,3,2,471
6,1,6,10,532
4,6,8,9,666
7,5,9,4,610
6,5,1,5,437
5,9,1,5,550
7,6,6,7,635
5,10,5,9,769
10,4,4,10,708
3,8,7,5,594
5,3,10,5,535
1,6,10,4,504
8,2,4,2,370
10,3,8,6,668
2,6,8,8,589
6,5,9,8,693
7,7,1,1,429
5,4,7,3,478
8,6,6,8,719
7,6,6,10,720
6,8,1,5,526
8,6,2,7,587
5,8,5,1,482
2,4,9,2,415
2,5,3,10,507
9,5,10,5,701
7,1,9,8,578
8,7,5,3,592
9,7,10,10,904
6,5,8,3,542
7,2,3,2,329
7,10,10,1,704
1,1,10,8,472
6,9,4,8,683
2,8,7,4,518
9,8,1,7,660
7,9,2,4,584
2,3,8,9,542
10,2,2,7,544
8,6,10,8,790
1,9,1,3,394
5,9,9,6,727
6,9,7,4,678
2,6,6,2,419
8,8,8,1,638
4,9,3,6,582
8,7,3,6,604
10,4,1,7,568
2,7,6,5,488
2,10,6,5,597
6,9,10,5,749
9,1,5,9,597
6,7,1,4,488
1,6,4,1,325
6,7,8,9,749
8,10,3,2,606
3,1,3,4,267
5,5,1,8,487
4,10,5,2,544
1,9,2,6,481
1,9,4,9,584
7,1,6,8,518
1,9,3,1,360
6,6,1,3,427
10,3,3,3,482
7,4,4,3,456
9,2,4,8,582
7,7,2,4,530
10,6,3,9,714
10,2,6,1,456
10,1,8,5,566
2,2,9,3,370
5,4,10,2,482
10,7,2,6,643
8,7,1,5,552
6,7,7,3,593
5,8,8,7,685
2,6,9,2,456
5,6,3,8,551
2,7,1,9,497
7,6,2,3,450
10,5,9,6,714
3,5,8,2,435
6,10,8,8,810
9,4,9,7,701
4,2,8,6,477
3,7,10,7,645
2,8,1,1,320
5,9,7,2,593
7,3,1,8,483
8,7,2,1,493
1,6,10,10,654
1,1,4,5,262
4,10,1,10,678
2,8,10,10,724
10,2,5,8,627
3,8,9,5,601
2,7,1,10,543
10,4,1,4,480
10,5,9,1,621
2,9,6,2,483
3,8,1,3,418
10,1,8,1,480
7,5,8,1,526
4,3,5,10,534
3,8,3,1,388
9,6,10,1,643
9,8,3,5,642
1,9,4,4,464
9,6,8,4,647
1,10,7,4,558
8,3,1,5,417
6,3,3,6,434
10,9,1,3,626
6,8,3,3,510
8,6,10,3,638
1,8,4,6,493
6,9,9,10,832
3,4,7,3,413
8,6,4,5,577
6,3,6,5,482
5,5,9,8,657
3,10,4,6,603
9,8,6,4,687
3,10,8,1,558
5,5,10,2,530
8,5,7,7,658
5,8,9,4,660
8,1,4,6,455
4,6,5,9,594
9,4,4,8,640
2,2,1,5,250
6,9,5,6,687
3,4,1,4,327
5,8,8,5,661
10,2,6,1,441
4,5,6,1,399
10,4,8,5,651
8,4,2,6,505
2,5,2,3,321
6,1,6,3,361
2,6,8,1,421
9,5,5,5,585
2,6,4,8,518
9,9,8,3,735
4,1,9,5,430
3,10,8,7,690
10,5,10,9,826
8,10,1,10,776
7,3,9,6,595
8,8,3,2,531
5,10,7,8,784
8,10,3,2,625
1,3,9,7,488
1,7,10,7,596
8,3,10,2,526
5,5,5,7,556
8,6,7,9,751
6,1,4,8,462
3,10,3,3,517
1,10,1,6,504
1,5,4,5,382
6,9,6,9,764
1,1,10,7,438
3,2,6,6,391
5,8,7,2,566
1,9,5,5,527
10,4,2,5,532
7,9,9,6,771
6,5,4,6,515
2,7,4,9,576
10,2,5,4,525
8,8,6,6,705
8,10,9,5,811
1,1,2,10,350
5,4,1,4,348
10,4,1,9,624
3,4,5,7,465
6,5,8,1,502
5,7,3,1,408
2,10,3,8,617
10,9,3,6,732
1,7,4,5,459
4,4,8,5,490
5,1,7,6,426
7,6,5,8,671
2,6,1,5,392
7,2,1,6,387
5,2,1,1,220
4,10,2,1,457
7,6,5,10,712
2,5,9,9,618
7,10,4,3,620
1,3,9,9,538
3,3,4,7,427
2,5,7,7,516
10,10,8,3,765
3,2,2,2,209
1,10,4,10,639
2,5,10,4,487
1,5,10,1,405
10,4,8,1,549
2,1,7,2,250
6,6,10,2,576
10,3,10,5,660
6,3,9,5,537
2,10,6,8,676
6,4,6,8,609
10,2,8,6,617
1,6,7,10,595
10,8,9,4,788
8,6,2,7,579
2,4,3,4,348
10,8,1,8,717
7,1,2,1,286
6,10,9,8,848
5,3,9,5,502
3,3,6,1,293
8,3,5,2,434
2,7,10,3,519
3,6,10,3,549
2,3,8,8,496
8,10,2,7,700
2,5,7,8,554
1,7,5,5,462
1,8,10,5,593
10,10,5,7,807
2,6,5,9,544
4,3,9,8,571
1,10,1,6,503
3,3,6,3,352
10,6,5,4,611
7,4,2,7,502
1,4,9,4,417
3,10,10,2,636
3,1,10,8,519
3,2,5,10,467
3,8,4,4,475
8,1,7,5,485
6,1,10,8,577
6,9,1,6,609
10,2,5,6,560
3,4,7,4,439
10,2,5,8,594
10,8,8,9,880
6,4,3,5,440
3,2,7,5,388
3,8,6,4,526
9,5,10,6,718
9,7,5,2,568
2,3,10,3,398
6,3,10,1,461
9,9,5,9,808
7,9,2,8,696
6,5,4,7,569
8,2,1,2,328
7,2,8,7,585
1,5,9,10,604
9,2,4,9,605
5,8,1,1,398
4,2,9,4,457
1,9,5,3,485
1,9,8,4,548
9,4,9,10,789
7,7,10,4,700
8,2,8,10,686
7,7,9,3,645
4,10,4,10,730
6,3,4,3,392
10,9,1,2,584
7,1,5,10,556
5,4,1,7,441
3,10,4,10,696
1,5,1,9,427
7,9,6,10,806
7,6,5,2,492
7,6,5,5,592
9,6,4,10,753
9,5,5,8,693
8,10,2,9,763
6,6,2,7,549
10,1,8,2,499
1,8,2,6,456
5,8,3,10,685
4,7,7,8,647
2,4,10,9,600
9,4,9,3,591
5,10,9,6,737
10,9,6,4,735
4,8,7,1,500
6,8,3,9,688
6,1,2,5,364
1,9,10,3,565
2,1,9,4,372
1,7,2,7,452
10,9,7,1,676
8,8,4,8,719
8,5,4,6,593
2,2,9,10,545
4,10,8,4,650
10,10,7,5,813
2,1,6,10,431
8,6,5,2,548
2,5,2,10,471
7,9,5,7,719
2,3,2,5,306
7,3,4,8,544
7,6,7,1,518
6,3,7,9,619
1,10,6,1,466
8,9,2,9,751
8,7,7,4,666
3,9,6,1,488
4,9,6,4,586
8,2,8,6,587
5,5,10,10,731
8,7,8,8,783
9,7,6,9,786
2,1,10,3,339
1,4,8,6,451
1,3,10,8,502
3,7,3,4,440
4,3,5,7,481
4,8,4,2,483
3,1,5,9,427
7,5,2,8,571
6,4,4,2,414
7,3,5,10,600
4,6,3,7,533
4,2,7,3,387
2,10,9,8,724
6,6,1,2,399
3,1,8,7,451
9,4,1,10,611
1,1,4,1,157
4,7,2,8,542
7,9,6,4,666
4,7,9,3,547
2,1,1,3,184
7,9,2,7,657
6,5,8,2,522
7,6,8,8,696
8,6,9,7,732
8,9,7,4,725
4,9,8,4,640
8,7,10,6,747
7,5,4,2,461
8,9,4,4,650
2,7,5,6,513
8,5,6,3,541
9,9,3,4,663
7,2,3,6,439
1,2,8,6,399
2,3,9,9,537
6,3,5,2,376
10,8,6,8,791
3,7,10,1,496
6,8,7,4,644
3,4,9,9,592
2,5,1,4,307
4,5,4,5,455
3,7,3,2,409
8,4,3,10,614
4,9,8,7,708
5,4,7,1,427
8,7,2,7,633
6,5,4,1,413
2,7,10,3,551
8,8,6,5,693
2,9,1,2,370
4,4,5,5,432
3,6,3,2,345
9,7,10,4,733
6,9,9,4,689
5,9,2,2,485
1,8,5,10,628
9,2,7,8,634
6,7,1,4,472
7,1,1,6,374
3,5,9,10,646
10,3,5,10,674
9,10,4,1,630
1,6,10,10,649
7,1,10,4,509
1,9,8,5,565
7,4,6,7,580
6,6,2,5,509
7,4,1,6,482
7,8,3,6,606
9,2,3,10,586
2,9,1,5,484
8,2,8,5,557
7,6,5,1,473
1,6,10,7,585
10,1,9,4,560
2,10,8,2,558
9,2,6,4,507
6,10,9,9,870
1,2,8,10,482
2,4,1,7,364
8,9,9,3,709
6,6,10,8,747
6,4,7,8,608
7,3,8,1,462
6,10,9,4,747
5,1,6,9,494
3,3,2,4,310
3,2,1,3,219
6,9,5,3,595
5,5,7,5,558
9,5,2,5,527
4,2,10,3,438
8,8,8,8,812
6,9,8,3,668
2,7,6,2,449
9,7,4,1,523
8,4,4,2,457
10,7,4,6,704
7,6,3,4,504
5,9,6,4,633
2,4,5,4,385
9,2,6,8,608
7,10,4,7,725
10,6,6,2,587
7,9,8,9,824
9,6,2,7,638
9,10,10,2,767
6,6,9,9,727
5,5,9,8,673
8,6,3,7,634
1,7,3,2,338
2,8,9,3,550
1,6,3,4,363
1,3,7,7,414
1,8,10,8,656
10,10,2,10,839
5,3,10,2,466
8,7,1,4,532
9,8,5,9,785
8,7,9,10,828
7,1,1,5,338
6,10,8,6,766
6,4,5,2,434
3,5,5,6,475
6,8,2,4,538
6,5,1,9,542
9,7,5,6,676
4,1,4,9,415
10,3,5,7,603
6,3,7,4,478
7,7,4,7,646
2,1,2,4,239
3,10,6,6,633
4,9,6,2,545
6,2,8,4,470
8,8,6,4,670
1,7,8,9,601
1,4,5,10,491
5,6,3,7,549
6,4,3,5,469
10,9,9,6,842
6,4,4,2,415
8,10,2,9,745
2,2,6,7,413
3,9,5,5,577
4,9,8,4,627
9,3,4,7,575
8,8,4,7,691
6,6,6,2,494
5,5,2,4,422
9,9,6,9,855
1,2,1,8,300
10,6,2,6,611
3,9,2,5,523
7,10,9,7,846
4,4,10,8,625
10,10,10,10,996
5,2,9,7,529
8,6,9,6,712
7,9,8,1,629
7,8,7,3,629
7,8,7,6,709
9,7,8,6,741
6,2,8,1,392
8,6,10,2,611
7,5,5,8,616
7,9,4,10,790
2,3,1,1,171
5,3,7,2,419
1,8,2,7,486
9,6,2,2,499
10,8,9,4,753
2,10,1,10,619
10,10,8,2,767
8,1,1,4,336
9,5,2,7,594
9,3,8,4,571
5,4,1,10,526
8,8,8,3,660
7,9,5,9,771
10,10,10,4,858
1,1,10,5,378
5,5,1,8,495
5,9,8,1,578
7,1,1,5,335
10,2,9,6,624
5,3,6,4,427
10,2,3,9,585
9,6,10,10,843
4,5,10,6,608
9,5,8,1,540
10,6,7,5,696
10,5,6,10,788
7,2,3,6,427
2,4,5,10,524
3,3,6,5,411
7,3,5,8,564
10,2,4,2,423
4,10,9,10,847
9,4,9,9,767
5,3,5,3,406
5,2,9,7,533
6,5,4,8,593
8,1,10,1,439
6,4,7,7,566
2,9,5,8,604
5,1,6,4,369
3,6,2,8,491
9,8,1,10,742
9,2,3,2,406
8,2,10,2,505
1,7,2,10,509
5,3,3,3,335
4,3,2,3,322
4,8,3,3,473
8,4,1,2,382
10,2,3,6,523
1,9,1,10,562
3,7,9,3,543
9,10,7,4,748
6,4,5,9,597
8,5,5,7,615
8,9,2,3,582
10,7,2,2,559
2,4,1,2,254
7,10,1,6,659
3,4,4,7,432
8,8,7,2,630
6,10,4,10,768
7,2,1,2,287
2,3,10,9,564
9,3,1,5,449
10,2,4,2,437
3,5,4,2,345
10,2,6,7,612
10,6,7,1,596
3,1,8,4,376
10,8,10,4,805
10,4,6,9,715
10,8,8,4,760
10,9,9,5,810
5,3,8,9,594
4,9,9,7,736
8,3,5,3,483
6,3,9,1,443
10,7,3,3,592
9,4,10,6,689
7,10,5,7,758
10,7,2,7,685
4,4,1,3,315
5,2,4,1,284
9,1,6,7,548
1,7,3,10,536
6,6,4,6,573
7,9,9,5,730
6,8,1,2,468
1,5,2,10,454
4,1,7,8,454
2,8,1,7,481
6,6,5,2,484
5,5,7,6,546
1,5,4,3,311
10,2,4,2,455
3,9,7,3,552
8,9,7,6,775
5,8,3,2,473
7,8,1,7,601
3,3,8,4,412
5,3,4,4,398
6,7,9,6,704
3,3,10,2,427
10,1,4,3,419
9,8,9,5,785
5,3,5,3,390
5,6,9,1,501
10,6,1,6,613
8,3,10,6,625
4,5,2,10,550
10,8,10,7,850
7,1,5,7,491
1,2,9,3,341
7,9,5,4,643
5,2,4,1,305
7,3,10,8,682
6,1,5,3,349
10,1,8,7,606
10,10,10,4,860
6,9,3,9,720
5,7,6,10,692
8,8,3,10,751
7,9,10,10,878
5,8,1,6,550
5,5,2,8,512
4,5,1,6,417
5,6,8,9,698
6,5,4,2,443
7,5,7,1,486
5,2,8,3,416
2,10,10,7,710
8,7,10,8,808
6,7,10,1,565
7,3,3,5,460
6,2,3,6,402
5,9,3,6,605
6,6,1,9,571
8,7,7,5,655
9,9,8,5,789
3,8,1,3,419
4,7,5,6,569
7,10,7,7,796
7,3,3,7,499
6,8,10,10,858
4,2,2,4,301
3,6,5,5,461
8,5,2,7,557
9,9,1,7,670
2,4,4,2,319
2,3,4,9,432
5,7,8,5,615
8,10,8,9,882
3,1,4,5,316
1,8,2,1,340
5,9,9,2,638
3,7,3,1,363
6,3,1,4,372
1,2,10,8,498
2,10,10,8,741
6,4,3,1,361
3,9,5,6,611
1,10,1,4,439
3,8,7,7,617
10,7,10,2,693
6,3,3,6,462
1,5,1,10,432
2,6,10,10,696
10,4,1,3,473
4,2,2,2,246
10,2,6,3,485
8,4,9,4,610
2,3,5,10,500
6,7,4,7,609
10,3,7,4,599
9,7,8,8,792
9,6,4,5,594
7,9,7,9,809
10,10,4,6,783
9,1,1,8,481
7,9,3,10,746
5,3,5,10,577
4,6,2,7,514
1,4,4,5,349
9,7,2,1,504
1,6,2,4,361
6,3,5,2,408
3,1,8,8,447
7,9,8,3,674
2,10,7,7,653
5,4,8,4,504
2,1,4,7,342
9,9,10,1,722
7,10,6,10,827
9,10,4,8,801
7,6,1,4,482
5,8,4,3,533
4,10,4,10,738
7,9,2,5,599
9,3,1,2,378
6,5,1,1,339
4,6,6,10,662
10,9,7,7,816
2,6,7,3,453
4,3,7,7,520
7,5,1,10,610
7,2,2,1,297
10,8,8,8,844
1,1,10,4,340
8,2,3,6,453
2,7,4,8,543
7,10,9,4,741
10,10,1,4,674
5,3,4,6,450
1,7,8,7,588
9,4,7,9,704
5,2,5,4,372
5,9,9,3,658
10,6,6,4,658
10,3,1,7,529
5,10,7,1,588
7,3,3,10,583
2,4,6,3,372
10,10,7,7,875
5,3,2,4,348
4,8,8,5,626
8,1,5,4,413
2,10,1,6,515
8,9,2,4,616
9,5,3,6,595
3,5,3,6,442
10,5,9,3,656
8,7,6,2,591
7,8,1,9,675
8,10,7,10,892
2,1,4,2,197
10,7,8,6,750
9,6,10,1,610
8,6,8,8,743
10,7,7,10,865
9,2,9,10,713
2,4,5,2,328
1,10,5,9,644
5,10,9,10,872
3,4,4,1,282
1,9,1,9,536
2,2,6,7,401
3,2,8,9,501
2,10,9,4,630
9,6,10,9,818
7,10,9,5,775
5,8,10,4,653
7,7,3,4,547
5,3,1,7,411
10,7,2,4,597
8,7,1,2,493
4,3,1,2,250
9,1,9,7,591
2,5,5,4,391
10,10,3,4,699
4,2,5,5,391
10,1,6,2,468
4,5,5,5,472
5,3,4,2,353
9,8,3,1,530
6,3,4,1,364
1,5,6,2,363
7,1,4,4,365
1,7,9,1,435
2,6,6,2,388
4,7,6,3,492
7,9,3,1,527
1,5,10,2,423
8,10,5,4,705
6,7,9,1,564
9,5,8,1,559
9,1,1,4,368
3,7,3,1,381
10,2,10,4,606
1,8,7,8,613
4,6,3,8,555
3,4,6,7,508
4,8,7,2,522
8,9,5,4,685
4,6,4,7,535
5,10,8,7,778
6,7,7,10,759
2,10,2,10,658
10,7,7,5,705
2,9,8,8,669
1,6,9,8,584
3,6,9,8,645
10,4,2,8,629
6,8,9,1,599
2,1,8,8,446
4,8,7,2,530
10,4,3,1,471
10,8,9,7,825
1,1,2,1,103
4,7,9,7,677
1,4,4,1,263
5,8,3,9,638
1,5,3,4,318
7,10,8,10,901
10,7,3,3,593
4,6,5,8,589
5,5,10,2,531
5,7,2,6,527
5,9,4,10,718
8,8,7,8,777
3,9,1,8,568
7,5,4,10,665
10,10,6,1,694
7,9,8,8,806
2,3,5,2,272
4,6,5,10,638
2,5,5,7,487
4,5,8,8,599
1,1,2,2,155
9,4,3,1,411
6,9,5,4,628
5,9,7,8,745
4,8,6,5,592
7,6,3,5,528
7,4,7,5,550
2,6,7,8,555
8,7,2,6,604
6,4,7,3,469
1,10,3,8,598
4,5,3,1,336
10,2,9,1,503
7,10,2,6,684
2,5,6,3,388
2,6,3,2,350
1,8,1,5,416
6,3,7,2,416
2,5,7,3,426
4,1,3,9,404
5,8,2,3,498
10,4,9,7,715
1,4,10,6,496
10,6,5,3,586
3,9,3,3,477
3,2,8,6,431
1,6,2,6,413
3,9,3,7,571
4,8,2,8,568
8,6,10,1,591
1,7,2,8,456
3,3,1,5,299
5,9,6,6,679
2,5,3,5,389
10,1,4,10,620
5,2,2,1,243
8,2,3,2,385
1,3,5,10,445
4,6,4,7,544
7,6,9,2,574
8,8,10,4,730
6,5,1,3,413
8,2,3,4,436
3,5,8,8,598
6,4,9,10,681
8,1,6,10,580
2,3,9,5,434
2,10,5,5,555
3,5,9,10,642
1,9,6,1,459
5,7,7,7,656
8,9,2,7,682
6,2,10,6,572
7,3,4,6,479
4,9,6,6,657
7,8,8,9,805
3,10,7,7,670
8,4,5,6,586
1,3,3,1,208
7,1,7,4,447
5,7,9,10,750
1,6,1,4,312
5,5,10,8,694
1,5,5,8,471
7,7,9,2,626
3,4,1,7,399
10,3,3,3,463
10,2,10,10,740
9,6,9,6,732
1,8,3,1,337
1,8,1,9,501
9,3,4,5,524
4,6,1,2,337
4,10,7,4,635
9,9,4,8,760
1,7,1,3,349
9,3,1,1,378
5,1,6,6,408
7,7,9,1,584
10,3,7,4,588
1,1,10,2,286
1,8,6,6,540
10,9,5,4,705
8,1,7,8,558
8,7,3,2,514
3,4,4,6,432
7,4,10,6,654
6,3,1,10,521
10,10,3,8,815
1,2,3,3,211
8,5,8,6,673
4,9,4,5,562
6,10,7,6,749
5,5,3,7,499
5,7,2,9,587
5,2,6,8,507
8,4,3,7,552
5,7,1,4,452
6,1,7,3,402
1,8,7,2,473
3,9,8,5,632
3,1,1,2,187
5,9,9,2,615
1,3,6,9,473
7,4,2,3,427
10,9,8,10,939
9,4,4,9,637
2,8,1,9,554
5,5,3,5,443
1,9,10,4,609
6,1,5,7,468
10,9,6,2,693
8,1,1,1,282
4,4,8,1,410
3,1,9,10,526
9,7,8,1,604
2,1,3,7,295
2,2,4,3,249
3,7,5,4,476
3,4,2,1,273
1,1,2,9,328
5,9,8,6,717
10,5,1,7,585
8,8,7,2,630
4,5,10,9,690
8,8,2,6,646
2,10,4,7,597
1,9,10,1,511
5,7,8,2,544
2,4,6,6,451
4,4,1,2,272
5,8,6,3,546
6,10,6,1,593
7,4,4,7,554
2,9,3,6,513
1,9,6,8,609
2,7,6,2,425
2,4,4,3,334
7,2,3,10,529
2,3,8,4,413
2,6,8,7,564
2,9,4,9,618
7,5,2,6,510
7,6,3,10,668
3,5,9,5,548
7,5,2,5,473
1,6,3,5,405
2,7,5,7,518
5,9,10,4,695
5,8,4,4,529
6,6,6,10,716
5,9,8,4,642
9,5,3,4,529
10,6,10,5,745
3,2,6,7,410
3,3,4,10,479
1,6,9,1,397
8,3,9,8,668
10,5,3,5,573
4,6,3,3,426
5,8,8,3,603
8,3,10,10,737
10,2,9,7,682
7,8,1,8,617
6,4,4,4,438
8,3,1,1,347
4,6,4,3,438
8,6,9,10,818
8,6,1,4,500
7,8,9,6,750
9,4,8,3,595
10,4,6,9,716
1,5,9,5,497
3,8,10,4,630
5,10,9,8,823
5,9,9,10,806
4,8,1,5,488
2,2,8,10,531
9,7,8,5,732
4,2,3,3,299
10,4,2,3,467
7,8,6,4,620
1,10,8,1,520
5,2,6,9,546
4,2,3,6,357
5,5,10,3,544
7,6,1,4,476
6,3,6,10,627
9,9,2,4,623
4,8,10,3,613
9,10,8,1,699
2,3,2,3,274
6,7,10,10,806
3,1,10,9,514
4,9,9,3,607
10,2,1,10,561
8,8,3,7,686
7,2,9,3,471
3,2,8,5,434
5,8,7,6,667
10,1,1,10,559
8,8,7,6,713
1,9,1,4,429
7,5,5,4,521
5,4,10,8,658
8,1,4,3,401
5,5,4,8,553
4,1,7,1,308
7,1,3,6,432
6,2,2,6,384
7,7,5,8,690
6,5,4,7,538
5,5,1,1,313
3,2,2,6,310
5,6,5,7,592
3,6,1,7,432
10,9,1,8,736
5,10,8,6,737
8,6,6,6,669
2,7,4,1,381
3,4,7,5,454
4,1,6,10,511
7,1,4,9,504
10,6,2,4,555
4,10,7,3,625
4,3,3,2,306
3,10,1,3,458
4,3,8,1,355
7,5,2,1,376
1,3,6,6,379
7,1,7,2,396
8,5,10,3,631
8,8,4,8,720
5,3,7,9,592
1,10,5,1,449
1,2,2,4,212
2,9,9,2,546
10,10,9,2,783
3,1,1,10,382
6,2,4,2,320
3,4,10,5,536
7,10,8,9,878
5,9,8,10,810
8,6,4,9,676
9,10,10,9,955
3,3,6,6,429
6,5,5,2,452
4,3,8,4,456
4,8,1,9,595
2,6,8,5,502
6,9,9,9,842
9,3,5,2,457
8,4,6,6,601
5,1,7,10,539
8,1,10,7,622
9,5,8,5,657
4,2,7,7,484
3,7,1,1,331
5,6,6,1,450
9,4,3,1,439
2,3,4,7,414
9,6,7,4,626
9,9,4,3,639
6,3,1,4,340
2,3,8,10,533
4,10,9,7,750
2,3,4,4,309
8,10,10,6,832
9,10,8,9,904
5,3,4,5,418
7,6,4,5,570
10,2,7,4,547
6,2,10,2,462
1,7,10,5,540
6,7,1,9,615
7,1,3,5,387
1,4,7,4,373
8,8,5,1,559
9,2,6,10,660
8,3,6,6,565
3,7,4,5,495
4,8,9,10,770
2,6,8,5,511
8,9,1,8,705
2,2,10,3,394
8,4,7,10,708
10,3,2,6,515
1,7,4,3,371
9,8,8,3,683
2,2,4,6,334
1,10,1,6,509
3,7,1,1,323
10,3,8,1,514
4,9,4,10,719
7,3,7,7,594
2,9,1,7,512
2,8,7,7,605
10,8,2,2,564
1,6,4,6,437
3,8,7,1,465
7,4,2,10,587
1,8,3,4,441
1,6,10,6,561
10,6,8,6,734
4,9,6,8,709
7,3,10,1,495
10,2,10,2,569
7,3,8,9,658
8,6,5,3,553
7,5,6,6,583
1,8,10,5,598
6,6,1,3,432
6,9,6,6,670
9,4,2,1,392
3,5,1,7,437
1,7,10,7,608
4,6,7,4,525
9,9,9,10,910
2,2,4,9,413
6,2,1,5,342
10,10,2,10,828
8,3,1,4,392
10,2,7,4,535
5,2,10,2,444
9,10,2,8,768
1,1,4,2,176
1,9,3,1,361
8,5,7,6,635
1,6,7,4,432
8,7,2,6,591
7,6,2,8,605
4,9,8,3,592
2,9,4,6,532
3,3,10,2,418
9,8,10,3,742
10,2,4,6,532
9,10,4,5,729
8,8,3,1,526
2,2,3,8,352
7,10,10,9,887
1,7,7,8,570
10,5,10,9,829
8,6,6,1,508
4,2,4,5,365
5,4,1,10,496
9,7,9,2,655
9,10,10,4,839
6,3,9,3,514
6,8,7,3,624
10,1,1,10,542
8,9,10,6,804
2,9,6,8,628
8,10,8,3,727
3,2,1,4,252
2,5,4,1,315
9,4,5,7,617
8,2,10,5,592
2,2,4,4,282
8,6,10,8,788
10,4,2,9,632
1,8,10,9,686
7,2,6,5,493
2,10,10,6,696
4,10,5,2,563
7,7,6,1,521
3,9,10,1,589
7,9,10,4,760
7,1,10,9,643
1,7,6,3,442
5,10,4,5,642
1,5,6,5,401
9,5,5,10,717
5,2,4,2,304
2,10,9,10,781
8,9,8,5,755
6,1,8,2,391
9,3,2,10,589
9,6,8,8,783
5,2,10,10,646
7,7,2,7,585
7,8,4,1,539
8,3,3,5,489
5,8,1,2,448
4,9,2,9,653
10,8,1,5,639
4,2,6,2,312
8,3,2,6,473
3,1,3,6,313
9,7,5,2,571
9,4,9,1,541
6,2,8,5,489
3,2,8,7,489
4,2,2,2,256
6,7,6,2,545
3,4,5,7,479
9,2,8,3,525
4,3,10,6,529
9,7,4,3,605
3,3,9,4,449
10,5,7,5,661
2,5,6,7,480
2,2,3,1,204
10,4,5,7,625
3,3,2,8,421
1,2,1,6,261
7,5,3,8,574
4,9,5,6,625
7,7,1,2,441
8,4,6,10,685
3,7,3,7,511
8,3,2,6,483
2,4,2,2,241
1,4,2,9,400
7,6,3,7,570
9,4,6,6,605
3,4,10,3,478
6,1,8,8,557
1,3,1,5,242
2,3,9,8,520
1,4,8,1,330
4,6,7,9,660
6,10,7,7,752
10,8,8,8,841
8,6,9,3,635
8,4,4,10,655
5,6,4,2,416
3,2,1,8,362
5,10,1,9,673
4,8,10,7,721
7,1,6,4,418
10,10,10,2,805
7,9,5,8,738
7,7,9,3,633
1,2,6,10,462
9,3,10,2,555
1,2,3,7,317
5,2,7,10,578
8,10,9,1,712
1,10,2,6,499
5,4,5,1,360
6,7,8,2,564
7,6,9,8,744
4,9,1,6,527
4,2,2,10,461
5,6,4,4,485
5,9,8,9,794
1,10,6,4,535
8,2,2,7,485
5,1,7,7,487
4,8,2,2,443
3,6,1,2,335
2,1,3,10,408
1,7,5,9,573
1,9,8,10,690
5,8,8,5,641
7,1,4,2,317
1,2,1,8,316
4,3,1,2,274
3,6,10,8,652
2,7,1,1,307
9,5,1,5,509
9,4,9,2,569
2,4,6,2,321
2,3,5,9,459
9,10,5,6,762
3,2,3,9,415
6,10,4,10,777
4,9,4,5,556
3,6,7,4,505
1,7,9,1,420
10,7,9,3,718
9,3,3,1,411
7,3,7,5,549
5,3,9,7,586
7,10,9,5,792
4,1,8,3,378
4,3,5,8,479
8,7,8,5,686
6,8,1,6,577
5,4,1,10,534
6,3,3,6,457
7,8,5,10,761
6,9,10,4,713
10,1,9,4,573
1,3,7,10,502
9,2,5,8,593
10,8,3,2,604
3,8,2,3,410
6,7,4,1,479
9,5,6,4,591
5,5,5,6,515
2,1,2,10,387
5,5,6,10,647
9,7,2,6,643
2,3,8,9,540
9,2,5,2,425
1,5,2,7,377
2,7,4,1,360
3,1,5,8,417
9,3,5,9,640
9,10,8,7,850
1,4,9,10,594
4,1,10,4,424
3,6,5,5,477
3,6,2,4,392
9,3,10,10,766
1,10,3,8,585
8,2,7,9,611
3,7,8,1,462
3,5,6,3,414
4,5,3,4,394
2,10,9,10,767
6,10,3,2,562
8,10,1,6,672
9,3,2,5,460
6,9,10,9,847
7,8,10,2,682
5,5,3,3,427
10,10,7,1,724
3,1,10,3,364
9,3,10,10,745
6,9,5,10,783
5,1,9,10,593
10,9,6,9,847
4,6,4,1,387
5,8,9,5,682
1,7,6,5,474
5,9,1,8,601
6,10,2,3,551
8,2,8,9,625
6,8,5,2,534
5,8,2,1,418
3,4,3,2,304
8,1,8,8,588
10,10,6,4,766
1,5,8,1,378
8,3,8,1,463
2,2,4,10,422
4,6,7,5,527
10,3,5,5,580
8,6,6,1,526
3,6,10,6,586
1,3,5,4,317
4,8,7,10,734
1,5,4,6,401
6,1,1,8,413
10,6,6,6,703
4,3,6,4,407
6,10,5,9,765
6,3,5,10,600
3,9,3,8,593
7,4,10,9,718
3,2,10,3,410
2,3,1,2,206
2,3,1,9,374
5,8,5,8,656
4,7,6,3,493
10,9,5,8,806
9,7,4,4,634
6,9,10,7,781
4,3,8,7,540
4,1,7,1,300
10,4,3,3,496
1,4,1,8,359
1,6,7,10,588
2,4,3,9,452
6,9,3,6,612
3,4,9,8,571
1,7,3,7,468
3,2,10,1,361
6,8,5,9,725
5,2,6,9,528
10,4,10,8,788
7,4,6,9,654
8,7,4,10,732
3,7,10,9,724
10,9,8,3,774
4,6,10,2,534
7,8,7,10,820
1,3,7,7,436
3,1,10,9,531
7,1,1,4,318
8,10,9,1,688
4,3,7,1,358
2,2,8,1,287
7,9,3,7,698
7,10,1,3,559
1,5,3,1,266
3,6,9,6,582
2,8,8,6,589
7,1,9,5,498
2,8,7,4,528
4,4,10,10,673
4,5,2,4,376
3,1,8,8,475
10,2,5,7,565
3,6,7,6,557
4,6,8,10,684
4,7,3,8,582
4,8,10,4,653
4,4,2,7,436
3,8,8,1,514
5,2,5,10,533
9,1,4,10,596
3,5,7,5,501
8,5,7,6,649
10,2,3,4,486
9,6,1,3,519
7,5,10,8,711
9,1,9,3,511
8,3,4,7,531
4,9,3,8,649
4,7,4,1,395
1,2,6,10,445
5,2,8,9,588
9,4,7,5,605
5,3,9,10,661
6,3,10,7,603
9,10,10,5,852
3,6,8,8,596
6,7,7,3,568
9,2,3,2,399
4,2,3,4,336
3,10,8,8,753
3,1,5,1,215
7,5,4,2,439
9,4,2,6,522
2,9,7,2,516
5,5,7,5,541
9,3,3,8,560
10,3,2,2,411
5,5,1,2,356
2,4,7,3,401
9,5,9,1,584
5,8,5,6,634
2,3,9,5,429
9,10,3,4,680
7,2,8,5,530
1,3,9,5,407
1,7,7,8,573
1,9,1,6,446
4,2,1,3,274
5,4,5,6,511
6,9,5,6,652
6,5,4,5,491
1,1,1,2,113
5,9,5,7,663
6,2,3,5,410
6,8,8,3,608
1,2,9,10,504
2,6,7,6,523
9,8,5,8,775
10,9,8,2,727
3,7,9,8,669
6,1,4,6,417
6,8,1,2,457
6,7,2,5,526
4,1,3,10,448
6,2,9,4,480
8,10,7,3,709
8,4,2,5,465
8,8,3,1,524
9,9,1,7,675
7,7,8,8,735
2,4,4,10,491
8,3,3,2,412
8,9,9,8,861
6,7,8,5,636
7,7,2,1,453
5,10,2,3,541
10,6,8,5,731
7,10,5,9,801
7,8,5,4,609
8,10,9,1,719
4,7,6,10,669
1,4,6,3,350
2,2,10,4,390
10,2,10,2,575
1,7,7,10,615
10,10,1,8,759
7,7,6,4,611
8,2,7,3,473
7,3,5,8,558
4,7,7,2,511
8,10,10,9,942
5,1,1,9,399
1,10,3,6,525
8,10,2,8,736
2,8,7,5,563
10,2,9,5,602
4,9,10,7,758
3,2,5,2,296
5,9,2,9,678
7,5,8,7,657
6,2,1,9,450
5,10,10,4,712
5,7,3,8,614
3,9,8,1,549
4,6,10,9,721
7,1,9,6,541
4,6,5,3,473
3,2,4,7,406
9,10,7,9,897
2,1,4,4,252
2,3,3,5,337
9,8,8,3,681
1,6,10,1,414
9,9,4,7,759
7,4,5,9,606
7,10,7,9,824
6,3,1,2,313
1,10,7,5,601
6,8,4,6,613
3,7,2,8,517
7,8,2,3,537
4,9,5,6,635
4,10,8,8,765
6,8,9,5,691
1,2,2,5,236
4,4,10,3,476
3,8,1,4,421
5,2,1,6,350
5,3,9,3,470
9,8,6,3,644
1,5,7,9,547
1,3,8,6,433
10,2,3,2,406
3,7,7,8,621
5,10,9,7,792
8,3,4,4,459
8,1,8,9,619
5,4,4,9,544
8,10,10,7,886
3,4,9,8,587
3,10,2,2,457
8,6,6,4,580
7,8,2,2,517
4,6,5,4,479
10,7,7,2,658
7,2,4,1,336
4,9,8,6,696
7,8,7,4,655
10,6,6,9,768
2,6,3,2,355
5,5,3,4,429
1,6,4,1,306
5,5,10,7,642
4,9,4,7,625
5,6,8,5,600
3,6,2,8,489
3,8,9,5,604
6,7,3,5,557
10,5,4,1,523
1,8,10,2,520
5,6,9,7,661
5,6,4,1,401
9,5,8,7,697
1,9,1,3,409
1,1,6,5,306
6,3,10,10,703
8,6,4,4,562
3,3,6,9,490
5,1,1,3,248
4,3,6,4,422
8,1,1,7,437
9,8,1,2,532
2,6,4,8,490
10,4,10,5,683
5,3,4,10,563
1,6,8,1,393
7,1,9,3,441
7,3,1,10,517
6,3,5,9,583
2,1,7,4,305
7,4,3,5,494
4,8,2,4,475
3,7,2,1,330
6,3,7,8,564
5,2,8,10,606
1,10,9,1,542
1,7,4,7,501
7,10,7,4,728
8,2,9,5,569
8,8,4,4,617
4,4,6,3,412
8,2,8,7,609
6,6,10,5,658
5,7,6,7,644
10,7,10,3,743
2,7,4,1,350
6,6,2,1,377
2,6,6,5,464
10,5,9,5,697
10,6,4,10,770
1,4,2,10,449
7,7,1,8,616
7,1,8,2,402
3,10,7,6,665
10,2,2,1,368
9,8,8,1,634
6,2,10,5,520
9,10,1,10,786
9,1,1,1,308
5,6,8,2,512
3,3,3,4,323
2,9,6,3,525
4,4,8,7,541
10,7,10,5,787
4,8,9,3,581
10,9,1,2,585
7,2,7,1,382
5,6,9,9,692
8,4,7,6,597
6,4,2,7,495
4,9,9,7,725
3,3,9,9,561
4,1,10,5,448
8,10,4,10,835
4,9,9,7,730
8,4,8,6,625
3,7,3,7,519
3,8,4,8,609
10,9,6,5,778
6,1,7,5,450
1,4,3,6,357
1,5,2,2,271
2,9,10,3,610
5,4,4,5,439
9,9,6,3,707
10,4,3,6,574
6,2,9,8,575
1,2,4,7,328
10,5,10,2,660
1,10,1,5,472
9,9,8,1,680
6,6,4,1,424
4,4,4,5,433
9,4,9,9,730
5,9,4,5,615
2,10,2,2,435
1,3,10,1,323
1,4,3,9,442
8,9,7,1,650
10,1,4,3,432
1,6,7,6,486
9,2,2,9,546
5,1,7,9,505
2,6,9,3,480
9,8,7,8,810
6,3,7,4,473
5,8,7,7,667
10,3,3,2,430
10,6,6,10,803
6,6,1,7,527
10,9,7,8,875
9,1,8,3,483
1,2,6,5,349
3,2,8,5,414
9,1,10,3,546
2,3,4,4,310
9,1,9,9,650
6,1,6,8,516
5,1,1,8,383
5,8,10,2,607
10,9,3,6,736
7,3,1,2,325
10,7,7,1,611
10,6,6,7,711
1,10,5,8,628
3,3,7,4,390
9,10,2,2,632
3,1,2,7,311
2,8,4,4,463
1,1,3,6,267
9,5,9,8,751
3,8,9,4,588
6,4,9,2,508
3,10,4,2,511
8,10,8,1,697
6,7,2,9,612
9,10,4,4,712
8,1,8,7,567
9,10,7,2,695
1,7,5,4,424
10,6,10,6,793
3,4,6,9,531
2,8,9,2,501
8,10,9,8,867
3,3,9,9,580
9,4,7,8,695
5,1,9,6,483
3,10,1,8,592
1,7,9,6,568
9,7,9,9,831
1,6,8,10,619
4,2,9,9,552
3,5,2,3,336
4,5,2,3,366
6,7,9,4,656
2,6,4,5,421
6,8,6,10,779
4,7,3,1,403
9,9,6,2,660
8,10,6,7,787
1,3,1,10,365
1,4,7,7,452
5,6,2,5,456
9,6,10,4,687
9,7,6,7,749
5,3,3,2,328
1,8,3,9,557
2,10,9,6,692
5,10,9,6,757
4,1,5,2,295
1,10,7,2,529
9,9,2,3,605
9,1,2,2,354
3,10,3,10,680
2,8,8,8,660
9,7,5,7,727
9,6,2,1,484
5,7,10,10,792
4,10,2,3,529
5,4,10,3,527
6,8,4,9,711
3,5,5,4,442
3,10,1,7,577
4,9,2,1,453
9,2,6,3,471
9,3,1,5,440
8,7,2,9,659
7,4,1,8,495
3,6,8,8,612
9,4,4,2,471
10,7,10,3,723
6,1,9,9,601
8,7,8,9,776
10,5,8,3,645
6,6,7,3,559
6,9,1,3,528
8,6,10,8,777
6,7,8,9,745
3,2,8,1,317
3,8,1,6,483
6,3,8,5,513
5,4,8,8,592
4,1,2,4,265
10,2,10,3,589
9,9,7,4,731
3,8,4,10,634
2,8,7,10,674
5,6,2,2,405
10,4,8,5,643
4,3,10,8,585
4,9,8,3,603
9,3,4,9,635
3,7,6,1,433
1,4,6,6,401
5,5,4,6,499
10,1,9,8,662
9,3,10,4,601
6,2,2,10,486
9,9,7,8,830
10,3,1,7,522
2,9,4,10,661
3,8,2,3,446
4,1,10,9,556
6,2,7,9,576
8,5,2,4,481
1,1,6,2,237
10,3,9,2,573
6,6,7,5,610
6,8,4,5,613
6,4,4,10,580
5,8,7,5,612
1,7,3,4,387
8,7,9,3,654
1,1,10,1,261
2,7,9,8,650
4,2,3,10,486
9,8,3,9,739
3,10,8,1,559
4,6,2,7,479
10,6,6,6,705
8,10,4,10,817
9,4,1,3,436
7,1,4,1,302
2,1,5,7,353
8,5,5,5,578
2,2,8,9,501
10,10,2,4,677
2,4,10,1,392
7,1,1,2,258
7,4,5,4,510
9,6,3,6,617
7,8,4,1,505
8,5,3,4,513
6,5,9,10,744
7,9,4,10,780
3,1,9,1,307
9,5,4,9,693
3,3,5,3,351
2,6,6,2,417
6,6,5,7,597
5,1,9,3,407
10,6,8,2,623
2,9,10,2,583
5,5,7,1,421
6,2,4,10,535
6,7,10,5,672
6,5,4,6,515
6,1,6,1,341
7,1,1,6,361
6,5,6,3,483
5,2,10,10,646
7,3,1,3,376
7,3,4,1,352
7,4,2,5,470
5,2,6,10,564
1,3,9,10,525
9,9,1,6,683
2,10,8,8,695
9,3,2,2,422
3,5,8,6,548
7,8,4,1,533
4,7,2,6,507
7,2,3,9,528
4,5,9,7,592
3,4,7,4,432
10,6,9,2,640
8,1,1,3,325
9,10,2,1,601
1,8,10,10,696
3,2,6,7,421
6,3,3,2,331
5,8,6,9,710
10,4,9,10,784
1,5,5,5,408
2,6,5,2,391
10,8,6,10,867
3,9,4,3,495
7,8,7,1,560
5,8,10,3,627
3,4,10,7,584
4,8,4,9,644
4,5,1,7,449
9,1,6,3,433
8,4,9,6,630
10,2,7,10,702
3,1,8,10,521
10,7,10,8,872
3,2,1,5,291
3,10,8,6,690
9,9,6,2,662
3,6,2,5,417
4,3,5,6,432
7,10,8,9,843
4,7,10,10,750
9,2,6,10,660
8,5,5,8,630
6,10,9,6,782
4,10,1,9,636
6,3,4,10,561
6,6,9,4,626
5,3,2,8,444
9,10,9,5,836
9,4,2,3,472
5,1,1,7,331
8,6,4,9,690
8,10,3,3,635
9,6,8,8,754
7,4,4,6,534
9,7,5,5,645
1,1,9,8,436
1,2,10,3,365
3,2,2,6,311
4,1,6,7,424
6,9,4,10,765
10,5,3,10,707
9,1,5,5,499
6,6,6,4,544
1,3,10,6,465
10,1,5,2,426
4,6,7,9,661
8,8,9,3,683
7,4,1,7,491
3,5,3,8,501
10,10,6,2,731
9,3,6,6,566
10,8,5,8,783
8,3,5,7,549
6,2,8,5,508
4,9,6,8,703
10,5,1,4,532
9,2,7,3,509
2,4,7,7,499
7,6,10,7,732
10,5,9,7,773
3,1,5,8,405
10,3,9,2,585
10,1,4,4,448
8,2,7,6,565
5,6,9,2,540
1,4,5,9,471
4,2,5,8,461
1,8,4,2,391
7,2,4,4,404
1,2,1,6,266
3,1,8,4,351
10,2,6,6,566
1,1,2,2,157
2,6,3,4,402
5,4,8,3,485
1,10,5,1,440
5,9,5,2,537
2,10,9,5,636
4,4,9,10,656
6,10,6,5,680
1,5,6,8,504
5,4,7,10,636
4,6,4,8,550
3,8,2,6,501
6,9,10,10,860
1,2,5,6,315
7,4,9,6,629
1,4,2,6,345
4,9,3,1,461
1,9,9,5,594
2,9,8,10,731
7,6,5,4,573
4,10,10,10,854
5,8,6,4,576
3,6,1,2,319
4,5,10,1,488
4,8,10,4,649
3,3,5,3,359
5,7,8,5,607
3,7,8,7,629
2,8,6,10,643
7,3,1,6,420
10,3,6,4,568
4,10,10,2,643
4,4,7,5,472
7,10,9,8,865
9,1,10,3,530
9,8,10,7,835
2,6,4,5,418
4,4,2,1,282
7,1,6,4,422
3,7,6,6,542
8,6,1,10,642
7,8,5,4,601
6,6,3,10,650
4,5,9,8,644
6,10,1,3,554
7,7,2,3,494
7,6,7,10,754
4,10,9,7,739
2,9,7,9,691
9,10,5,7,784
3,10,8,8,723
6,2,3,10,514
6,1,2,8,439
6,3,2,6,442
10,6,9,7,789
2,5,9,7,556
7,10,5,6,705
2,4,9,7,510
1,5,4,5,386
9,3,4,8,609
3,9,5,10,707
7,7,6,6,637
3,10,9,1,598
10,7,8,6,773
1,1,9,4,349
6,10,9,10,870
4,9,5,7,627
3,8,6,9,664
8,1,6,4,465
3,9,2,1,419
10,3,4,4,532
1,2,4,7,346
9,7,5,6,689
1,9,6,4,506
5,1,7,8,501
5,2,8,10,581
10,9,4,9,840
3,3,10,2,418
2,2,2,10,402
6,1,2,1,239
7,6,2,2,440
2,8,7,1,438
4,7,2,4,440
4,1,2,2,211
10,3,8,6,653
2,6,1,9,490
4,9,3,5,535
6,3,1,10,519
10,2,8,2,535
3,9,2,3,478
4,6,3,1,376
6,4,2,7,490
5,6,6,9,663
6,9,4,6,646
5,4,10,2,476
7,4,6,7,594
2,10,9,5,672
6,3,10,7,609
7,8,5,2,560
3,9,6,8,649
1,6,7,9,567
2,10,1,5,493
2,4,3,9,444
2,7,3,10,585
9,3,7,1,466
10,2,6,9,669
1,4,4,8,414
10,7,10,7,842
2,9,6,2,486
1,1,4,4,223
1,3,3,8,360
4,10,6,5,636
9,9,1,3,586
6,3,1,6,405
5,8,2,8,605
8,10,4,4,685
4,6,4,9,573
3,7,5,9,591
3,10,5,5,589
7,8,8,1,609
1,3,1,1,163
1,9,2,9,553
7,9,3,1,526
10,6,7,9,812
5,2,2,8,431
10,7,7,5,723
7,7,7,2,589
3,4,9,10,619
1,7,7,4,483
1,3,5,2,267
10,10,7,10,924
10,6,1,4,549
8,2,1,7,472
5,8,2,2,459
1,6,3,5,376
4,8,10,2,608
5,6,3,10,617
7,2,1,10,502
8,10,3,4,663
3,6,2,3,366
9,4,6,7,653
8,9,10,2,720
2,5,7,6,473
2,7,10,9,665
3,7,9,5,576
4,5,2,8,481
1,2,3,7,337
7,5,4,7,594
10,7,2,8,707
6,3,3,5,407
6,2,8,9,587
7,3,10,4,560
10,2,9,5,622
2,10,6,7,658
1,7,1,3,348
5,1,8,10,567
4,2,7,2,335
1,7,7,4,490
10,5,2,9,654
4,9,3,9,667
7,4,7,10,679
6,4,4,8,565
6,6,1,2,411
4,6,6,1,412
2,5,4,5,389
10,8,10,7,856
9,1,6,6,522
8,6,10,9,789
7,6,5,6,588
3,1,1,6,262
9,4,9,2,587
9,10,8,7,849
9,9,6,4,728
4,7,1,9,569
4,5,3,4,426
1,9,10,10,737
4,9,4,1,482
5,9,3,5,578
3,1,2,2,197
8,2,9,3,523
2,1,9,8,470
4,7,3,3,444
2,10,4,10,683
2,9,3,4,489
10,3,3,8,619
6,4,1,4,393
6,2,3,7,435
4,4,5,8,529
7,9,5,1,569
6,6,9,10,760
5,6,6,3,517
8,6,5,3,555
6,6,6,3,535
4,3,2,8,448
8,6,7,1,550
5,4,10,3,517
9,8,10,2,732
3,3,5,7,426
10,1,7,7,580
6,2,3,3,343
2,9,6,2,495
6,4,7,6,554
6,3,8,9,628
5,1,4,7,394
10,6,10,4,711
9,2,2,2,371
3,6,7,1,436
5,1,4,10,465
1,7,7,3,432
2,10,4,10,662
7,1,6,2,362
5,3,10,7,580
2,5,8,1,379
1,3,3,7,351
7,4,2,2,374
1,9,7,10,699
2,3,7,5,387
9,2,7,10,676
6,7,6,2,541
5,3,9,8,600
2,1,4,4,267
10,2,7,3,543
7,1,6,4,431
8,8,3,4,612
10,2,7,7,613
9,6,8,9,781
7,4,4,6,531
4,7,8,8,679
8,2,10,2,507
2,4,5,4,380
5,4,7,10,631
1,2,1,10,362
10,3,6,10,700
6,1,6,5,411
6,7,2,1,427
9,2,7,3,482
10,5,2,8,633
8,7,6,1,567
8,2,8,10,672
5,8,6,5,590
3,10,9,9,780
3,6,5,1,371
5,9,4,9,714
1,6,10,7,595
10,5,4,3,551
6,10,5,1,559
6,10,5,1,584
5,10,1,3,528
2,1,4,2,226
10,1,10,1,488
7,2,2,1,301
6,2,7,6,485
9,10,2,7,736
3,4,2,7,421
1,3,9,2,345
4,3,5,6,421
1,3,8,8,474
6,9,7,2,623
3,8,10,9,722
9,10,8,5,800
10,3,7,9,722
3,5,7,8,576
4,2,10,2,401
3,8,1,7,527
2,9,5,2,468
7,7,10,1,615
4,6,8,3,526
3,8,8,8,671
8,8,2,9,707
8,2,4,7,516
7,1,8,7,539
1,8,10,7,627
10,1,5,9,616
5,10,3,9,698
4,4,8,7,545
5,6,3,6,504
9,3,8,3,531
5,4,5,6,477
1,4,6,2,327
9,3,2,4,450
6,1,9,9,604
6,4,2,8,512
4,3,6,1,332
7,3,1,2,346
9,7,7,10,819
8,9,2,8,718
5,5,4,5,464
3,1,9,2,328
10,2,4,2,426
10,1,2,5,455
2,9,4,9,621
1,4,9,8,527
1,3,9,9,504
6,6,10,4,626
5,1,1,5,316
7,2,6,2,397
10,5,4,10,730
2,8,8,6,599
1,9,10,5,613
8,3,4,4,473
9,3,7,9,677
4,3,8,4,438
1,1,4,3,224
10,2,10,10,757
8,1,8,10,654
2,9,5,5,531
7,9,6,1,582
10,9,5,7,807
4,10,4,5,606
4,6,10,7,669
9,8,1,2,526
9,9,1,7,681
3,9,8,3,584
10,1,3,6,507
10,4,2,10,645
10,5,6,7,685
9,7,4,10,781
6,9,5,5,647
2,3,2,10,419
2,3,6,5,391
5,2,2,1,248
7,5,7,9,707
2,1,1,10,354
6,6,4,2,449
3,3,8,6,477
9,1,2,9,531
5,4,1,9,480
9,4,9,10,785
5,1,4,5,369
3,2,6,3,342
5,2,2,4,343
1,8,10,9,679
6,4,6,10,651
7,6,1,5,503
8,10,9,4,769
6,7,5,8,642
8,5,1,6,514
7,9,3,10,748
4,4,4,3,359
9,8,10,2,722
9,10,2,7,756
7,5,6,8,657
1,5,1,3,275
9,7,6,8,742
6,4,4,4,435
1,2,6,1,218
6,7,1,8,564
5,6,7,7,616
9,6,9,4,698
3,4,10,8,593
8,6,4,7,645
5,5,9,3,530
1,7,8,6,559
2,5,9,1,419
10,3,5,4,531
8,8,4,1,553
7,6,5,4,556
8,6,3,9,647
4,5,2,10,546
10,2,6,2,476
8,10,10,1,716
1,8,5,3,424
1,1,4,9,369
9,1,3,4,412
7,3,1,1,325
1,7,2,5,419
7,8,10,6,760
7,9,6,9,785
2,2,2,6,281
3,8,8,4,563
8,1,8,1,416
7,10,4,8,748
9,6,4,2,537
10,3,3,3,488
5,3,10,5,531
7,9,2,9,699
6,6,3,10,628
4,5,3,5,454
8,8,6,1,580
6,10,7,9,822
8,8,7,2,642
2,6,2,10,509
3,6,8,6,578
5,6,9,6,635
1,10,5,5,551
7,4,7,5,545
4,8,9,2,577
4,8,8,9,739
1,9,1,3,388
9,1,7,2,447
1,10,10,8,730
2,3,8,3,355
9,8,4,8,754
5,3,1,10,469
6,4,7,3,503
1,7,1,1,261
2,4,1,4,271
4,4,9,9,625
7,4,5,2,427
7,10,7,4,727
1,4,4,6,377
9,9,10,5,809
3,3,6,1,328
3,5,7,7,528
1,3,9,8,498
8,2,8,3,513
9,4,6,9,696
5,1,3,9,435
3,10,2,4,499
7,7,9,8,757
2,8,8,5,583
3,9,7,1,497
10,5,6,9,734
8,3,5,4,499
1,5,10,7,546
4,6,9,8,641
3,10,5,7,648
7,5,10,6,660
4,8,9,2,569
6,7,4,8,648
10,8,1,8,719
3,5,10,8,608
4,4,6,7,515
10,8,7,8,849
6,3,8,7,564
5,4,1,10,529
2,8,8,5,570
5,4,1,1,291
4,4,3,9,503
8,2,4,1,381
2,1,1,2,160
9,6,4,3,579
3,1,4,5,326
5,8,8,4,635
9,1,5,5,496
8,9,3,9,763
8,3,2,4,424
2,4,5,2,339
1,3,7,10,513
2,3,2,2,236
6,7,6,6,640
9,8,8,6,775
9,2,7,6,577
4,9,7,2,559
5,2,10,8,597
3,1,5,8,391
9,2,8,8,654
6,3,2,8,497
4,5,5,9,583
9,8,8,2,673
8,5,7,8,707
5,8,1,1,392
10,6,6,5,683
7,5,2,4,477
7,4,4,4,489
8,4,8,9,720
6,8,6,6,675
9,7,6,1,577
6,1,5,1,313
3,7,5,10,647
1,8,9,7,612
3,6,3,10,580
4,3,10,6,556
9,9,3,9,788
3,4,1,5,331
9,2,4,10,612
8,9,3,9,740
6,7,5,6,617
9,5,5,8,681
2,7,9,7,622
5,6,4,7,572
4,3,4,1,286
2,9,7,6,591
1,2,7,2,262
7,9,4,7,696
2,7,2,6,455
9,5,10,7,758
1,8,9,5,587
8,4,2,10,597
2,5,6,5,427
3,9,3,3,493
7,10,10,4,755
6,5,2,6,502
3,4,3,6,388
1,5,5,9,503
8,5,8,10,746
1,7,8,3,483
6,4,3,6,469
9,2,10,10,740
5,6,4,7,573
7,2,1,5,367
8,1,4,9,535
10,6,3,5,623
1,8,6,2,450
4,9,9,5,666
3,1,6,8,421
1,7,7,2,406
6,8,8,1,563
8,9,9,6,814
1,8,10,3,558
10,6,3,6,647
3,9,1,8,581
4,1,9,9,527
5,9,10,9,806
8,1,4,10,542
10,10,1,5,681
4,9,6,6,622
10,10,5,10,909
4,3,5,7,462
1,5,5,6,423
1,4,4,10,488
8,6,3,1,471
3,8,4,3,462
4,4,2,4,366
9,4,1,1,402
5,6,6,6,571
10,6,8,8,781
3,5,10,4,532
1,9,5,2,458
7,4,1,5,458
9,1,2,6,432
7,9,2,9,700
3,7,5,5,517
2,6,6,4,434
7,8,6,5,667
3,7,8,3,510
2,10,10,4,657
8,3,5,5,512
9,4,9,9,763
9,9,2,6,673
4,2,7,9,542
4,1,4,3,271
10,5,3,2,518
2,5,8,8,551
5,2,4,7,429
7,5,2,8,558
2,8,7,3,513
4,7,4,9,611
1,4,9,4,421
2,4,4,10,501
6,8,9,1,607
6,4,4,1,379
3,5,10,1,432
1,10,6,1,480
3,5,4,7,471
3,8,8,2,534
1,2,8,1,283
1,5,7,6,450
6,8,5,10,758
3,9,10,3,629
6,3,1,1,283
4,2,9,8,531
3,7,4,5,489
9,7,4,8,728
7,1,8,6,522
5,9,9,3,642
9,2,5,2,431
7,4,5,4,514
3,5,3,7,442
8,9,2,3,576
7,5,10,7,681
4,1,5,8,416
7,1,3,2,331
2,5,5,4,406
7,10,6,2,660
7,9,9,3,696
9,8,7,6,764
10,7,9,6,784
10,3,3,4,505
10,8,10,9,934
10,2,4,4,481
2,8,3,2,386
1,6,3,3,334
5,3,4,3,388
3,10,4,2,509
1,1,10,1,289
3,2,3,5,333
1,6,3,7,441
7,5,1,3,428
3,5,4,4,423
1,7,8,3,484
4,6,7,1,460
7,2,1,1,289
6,5,1,10,584
7,9,9,6,757
1,3,10,2,365
8,5,1,3,461
7,5,10,5,636
8,8,7,3,645
2,1,6,9,409
9,9,7,4,741
2,2,4,1,230
6,6,7,5,583
2,2,4,4,289
1,4,5,9,468
3,5,10,6,557
1,10,8,1,525
9,6,2,7,628
3,9,6,8,657
1,2,6,3,276
6,5,9,6,626
1,1,7,6,361
4,8,8,5,643
5,3,9,9,610
10,8,1,3,598
4,2,8,1,344
5,10,4,8,702
9,2,2,2,366
10,8,3,10,790
10,8,7,10,863
7,8,6,6,667
5,10,2,5,574
7,4,6,9,655
6,9,10,1,632
1,4,3,4,298
7,9,9,10,871
9,4,3,9,630
6,1,1,7,364
8,8,7,9,801
2,3,5,4,339
8,8,7,1,599
4,1,5,3,320
2,7,4,5,456
2,6,9,8,613
2,4,8,1,374
3,8,6,7,623
1,6,3,4,357
9,3,2,2,402
6,2,7,7,527
2,7,10,8,663
2,5,6,9,546
10,6,10,10,874
6,9,10,7,775
4,2,3,7,397
3,2,1,9,385
3,9,4,10,692
7,10,6,1,621
6,5,3,10,616
10,7,8,3,697
10,7,9,6,782
7,10,1,7,652
9,5,7,8,710
2,1,7,6,355
2,3,4,3,276
3,6,9,4,542
6,3,9,4,538
4,6,7,2,459
6,8,6,2,559
1,7,8,10,634
5,8,8,5,669
6,5,4,5,504
1,3,8,7,452
3,9,6,8,682
2,7,2,5,408
9,2,7,7,611
7,1,8,2,431
2,5,7,6,498
5,4,8,8,586
3,1,3,10,422
8,4,7,7,641
5,1,10,4,457
5,2,8,2,401
8,2,5,4,472
8,10,3,4,659
5,3,9,4,485
4,6,8,7,598
5,10,5,1,558
5,3,3,4,386
7,5,1,5,463
5,6,7,5,578
2,2,4,1,233
1,3,10,7,496
6,7,5,8,645
4,1,2,6,335
3,7,7,2,462
1,10,7,10,706
1,3,3,10,418
2,10,5,4,567
2,4,7,1,327
3,1,2,9,365
5,4,4,8,523
4,2,6,9,495
6,4,2,6,451
7,4,7,8,641
3,2,5,2,290
5,10,6,8,746
4,3,2,1,271
9,1,4,10,571
10,3,8,3,562
2,5,4,9,503
5,10,9,6,751
1,7,2,7,462
4,10,4,5,614
10,1,7,2,464
2,8,9,6,610
1,1,7,8,378
4,3,8,9,572
1,4,10,7,513
7,6,5,4,547
8,7,10,1,636
2,4,5,8,471
2,5,5,6,446
8,3,5,7,563
10,6,5,7,694
3,2,4,3,273
7,5,4,6,562
5,7,3,7,564
3,6,8,6,570
3,5,9,8,600
9,2,9,10,723
10,6,9,4,726
2,3,1,4,273
2,1,10,2,345
6,7,7,7,691
3,1,8,10,521
7,9,10,4,739
5,5,7,9,643
7,1,10,6,549
9,7,1,9,662
9,4,9,8,736
7,4,9,4,571
6,4,10,3,561
3,9,6,3,535
8,6,5,5,618
4,6,7,1,456
8,1,9,4,504
7,6,9,2,579
7,5,7,1,480
10,9,1,5,652
1,7,2,7,436
9,6,4,7,646
4,2,9,8,533
5,1,9,10,591
8,5,10,6,707
10,10,8,6,849
4,3,7,2,366
1,10,5,9,642
1,8,9,9,689
4,7,1,7,522
5,1,8,10,545
1,3,8,8,484
7,5,8,2,541
2,10,5,4,542
1,5,7,1,334
9,5,7,2,551
5,9,2,4,516
8,1,9,5,541
3,4,1,3,277
2,2,9,5,432
8,6,7,4,617
1,6,9,10,631
3,4,7,9,547
9,7,10,8,838
1,9,2,7,502
5,4,1,1,304
1,8,3,10,588
6,4,4,2,413
6,5,9,4,580
1,2,3,5,263
10,3,9,1,563
10,4,10,3,648
9,1,10,9,666
1,7,5,10,580
9,8,6,2,654
4,8,7,4,599
2,9,6,7,595
3,10,5,7,662
9,5,3,7,615
8,10,10,3,793
7,4,10,9,700
1,5,3,10,473
5,7,1,2,412
4,9,5,5,599
8,2,7,1,436
10,9,3,2,641
4,3,2,5,339
8,2,9,10,670
8,5,2,8,606
10,10,3,7,800
10,6,10,8,810
2,8,7,10,661
8,6,1,4,509
2,7,9,6,605
5,1,4,10,499
9,6,4,3,554
4,8,5,1,471
4,2,3,9,463
3,5,3,10,526
8,3,3,8,555
10,7,7,10,847
7,10,10,3,736
4,8,8,6,642
3,6,6,3,465
2,1,2,7,300
5,9,3,2,488
2,7,10,6,618
5,2,4,1,289
6,4,4,10,611
10,2,9,10,743
8,5,3,6,564
8,7,8,4,687
5,2,8,3,404
8,9,9,5,756
7,7,8,8,756
5,1,4,4,329
3,8,3,5,481
6,6,8,8,686
5,2,10,5,509
8,1,8,6,530
3,8,5,10,660
5,7,6,9,698
3,5,9,10,668
1,8,8,2,468
8,5,2,7,567
3,1,4,2,254
2,1,3,10,376
6,6,7,8,684
3,10,8,7,715
5,4,6,9,575
8,1,6,2,398
6,2,4,6,456
6,6,8,9,700
6,2,4,1,324
1,1,7,1,237
2,6,6,3,435
8,4,7,4,544
9,9,8,7,839
2,8,3,6,505
7,6,5,4,552
9,7,7,4,668
5,6,2,4,455
4,4,7,7,521
7,2,5,10,596
5,6,3,6,514
10,9,8,7,865
1,9,9,6,639
5,7,1,1,368
7,1,5,8,492
2,7,10,5,589
3,1,4,7,372
2,5,9,1,396
4,3,5,5,396
5,9,5,10,742
7,6,7,8,700
5,2,7,7,503
7,10,7,9,850
2,2,7,10,490
10,3,1,9,596
3,1,6,4,334
1,4,8,7,490
1,10,9,6,652
3,7,3,3,404
3,3,5,5,385
9,1,1,9,483
2,9,6,9,681
4,7,5,8,613
2,5,10,8,598
7,3,6,2,420
6,8,5,1,502
9,1,5,6,498
2,5,4,7,472
3,9,4,5,543
3,8,7,7,612
3,2,1,5,287
4,2,1,3,263
6,2,10,7,591
7,3,1,9,500
5,2,8,10,585
10,7,5,3,622
2,1,5,4,269
7,9,6,1,584
8,2,4,3,432
2,5,9,3,468
2,9,6,2,484
1,2,2,2,189
4,2,5,9,503
8,5,5,3,505
3,2,7,9,515
7,8,10,2,656
3,8,6,3,529
3,9,3,1,422
2,4,2,4,293
4,1,9,10,550
7,2,3,8,478
9,5,5,7,632
2,10,6,6,616
6,10,2,4,575
3,3,3,4,308
4,7,5,2,455
7,3,1,9,526
10,1,1,1,316
9,8,6,10,845
6,6,4,5,524
